timestamp,datetime,ap-southeast-2,eu-central-1,eu-west-3,us-east-1,us-east-2,us-west-1
1660251600,11-08-2022 17:00,214,382,149,208,51,41
1660255200,11-08-2022 18:00,147,416,154,211,54,43
1660258800,11-08-2022 19:00,106,462,172,217,53,45
1660262400,11-08-2022 20:00,77,473,184,220,54,47
1660266000,11-08-2022 21:00,74,417,179,222,57,51
1660269600,11-08-2022 22:00,91,295,141,229,56,52
1660273200,11-08-2022 23:00,128,188,92,240,58,51
1660276800,12-08-2022 00:00,156,120,58,265,62,53
1660280400,12-08-2022 01:00,205,87,39,300,71,57
1660284000,12-08-2022 02:00,248,73,25,291,72,59
1660287600,12-08-2022 03:00,267,71,21,245,75,64
1660291200,12-08-2022 04:00,289,95,23,184,69,67
1660294800,12-08-2022 05:00,302,149,37,122,50,67
1660298400,12-08-2022 06:00,308,228,64,79,35,55
1660302000,12-08-2022 07:00,317,299,92,55,22,41
1660305600,12-08-2022 08:00,314,346,120,43,15,30
1660309200,12-08-2022 09:00,299,370,133,43,12,22
1660312800,12-08-2022 10:00,312,379,141,57,11,18
1660316400,12-08-2022 11:00,356,392,149,95,14,14
1660320000,12-08-2022 12:00,368,402,160,136,21,15
1660323600,12-08-2022 13:00,368,396,161,168,32,18
1660327200,12-08-2022 14:00,364,384,163,191,40,29
1660330800,12-08-2022 15:00,338,383,158,197,46,35
1660334400,12-08-2022 16:00,276,371,179,205,50,43
1660338000,12-08-2022 17:00,222,383,173,215,53,45
1660341600,12-08-2022 18:00,161,426,183,220,55,46
1660345200,12-08-2022 19:00,115,483,205,229,58,50
1660348800,12-08-2022 20:00,86,476,225,223,57,51
1660352400,12-08-2022 21:00,79,424,218,215,58,53
1660356000,12-08-2022 22:00,90,315,167,222,59,54
1660359600,12-08-2022 23:00,127,204,114,232,59,52
1660363200,13-08-2022 00:00,163,127,74,254,63,56
1660366800,13-08-2022 01:00,211,87,47,275,67,57
1660370400,13-08-2022 02:00,249,69,32,278,71,61
1660374000,13-08-2022 03:00,261,67,27,246,76,63
1660377600,13-08-2022 04:00,297,83,27,183,68,66
1660381200,13-08-2022 05:00,312,125,42,126,52,65
1660384800,13-08-2022 06:00,319,192,69,87,37,56
1660388400,13-08-2022 07:00,325,249,101,60,24,43
1660392000,13-08-2022 08:00,321,299,125,44,18,32
1660395600,13-08-2022 09:00,319,322,143,38,12,23
1660399200,13-08-2022 10:00,313,339,167,45,11,17
1660402800,13-08-2022 11:00,318,358,170,73,12,15
1660406400,13-08-2022 12:00,342,364,185,118,19,14
1660410000,13-08-2022 13:00,362,362,180,147,29,17
1660413600,13-08-2022 14:00,353,364,182,170,38,25
1660417200,13-08-2022 15:00,341,363,179,184,45,33
1660420800,13-08-2022 16:00,291,363,175,192,49,39
1660424400,13-08-2022 17:00,222,334,172,194,50,45
1660428000,13-08-2022 18:00,170,420,183,210,56,47
1660431600,13-08-2022 19:00,121,471,202,209,55,48
1660435200,13-08-2022 20:00,88,472,214,212,57,49
1660438800,13-08-2022 21:00,79,419,208,218,58,51
1660442400,13-08-2022 22:00,94,314,168,220,59,52
1660446000,13-08-2022 23:00,126,203,113,231,61,54
1660449600,14-08-2022 00:00,156,131,75,255,65,56
1660453200,14-08-2022 01:00,207,86,47,272,67,57
1660456800,14-08-2022 02:00,232,68,32,277,72,60
1660460400,14-08-2022 03:00,262,64,25,247,75,63
1660464000,14-08-2022 04:00,312,78,26,194,71,67
1660467600,14-08-2022 05:00,317,118,37,134,54,65
1660471200,14-08-2022 06:00,329,182,65,92,40,57
1660474800,14-08-2022 07:00,339,252,100,65,27,45
1660478400,14-08-2022 08:00,324,314,128,46,18,34
1660482000,14-08-2022 09:00,315,337,147,38,13,25
1660485600,14-08-2022 10:00,330,371,164,42,11,19
1660489200,14-08-2022 11:00,343,381,176,62,11,13
1660492800,14-08-2022 12:00,384,387,187,102,16,13
1660496400,14-08-2022 13:00,392,391,190,144,27,15
1660500000,14-08-2022 14:00,386,392,194,173,39,23
1660503600,14-08-2022 15:00,351,398,192,193,46,33
1660507200,14-08-2022 16:00,288,407,198,206,50,40
1660510800,14-08-2022 17:00,230,399,189,211,53,44
1660514400,14-08-2022 18:00,171,435,196,221,57,47
1660518000,14-08-2022 19:00,122,483,219,229,61,50
1660521600,14-08-2022 20:00,87,486,233,244,62,55
1660525200,14-08-2022 21:00,80,422,217,242,66,55
1660528800,14-08-2022 22:00,94,292,172,246,65,57
1660532400,14-08-2022 23:00,127,180,111,263,69,58
1660536000,15-08-2022 00:00,163,113,71,278,69,57
1660539600,15-08-2022 01:00,210,80,45,298,71,60
1660543200,15-08-2022 02:00,259,65,32,295,80,64
1660546800,15-08-2022 03:00,281,65,24,246,79,65
1660550400,15-08-2022 04:00,300,87,27,180,68,69
1660554000,15-08-2022 05:00,309,135,40,122,52,67
1660557600,15-08-2022 06:00,321,202,69,82,33,53
1660561200,15-08-2022 07:00,337,267,104,56,23,40
1660564800,15-08-2022 08:00,326,313,133,43,15,29
1660568400,15-08-2022 09:00,315,343,150,40,12,22
1660572000,15-08-2022 10:00,316,363,157,51,11,16
1660575600,15-08-2022 11:00,340,372,166,80,12,14
1660579200,15-08-2022 12:00,356,380,182,118,21,14
1660582800,15-08-2022 13:00,372,381,185,151,29,16
1660586400,15-08-2022 14:00,381,378,189,183,38,25
1660590000,15-08-2022 15:00,333,376,187,199,45,34
1660593600,15-08-2022 16:00,282,372,189,208,50,39
1660597200,15-08-2022 17:00,222,392,192,219,52,41
1660600800,15-08-2022 18:00,155,421,192,229,55,45
1660604400,15-08-2022 19:00,108,479,216,231,55,48
1660608000,15-08-2022 20:00,79,503,228,233,56,50
1660611600,15-08-2022 21:00,75,401,213,230,57,51
1660615200,15-08-2022 22:00,92,276,167,236,57,52
1660618800,15-08-2022 23:00,134,167,104,246,57,51
1660622400,16-08-2022 00:00,162,107,67,272,61,53
1660626000,16-08-2022 01:00,208,74,42,297,67,54
1660629600,16-08-2022 02:00,249,62,29,285,71,59
1660633200,16-08-2022 03:00,274,64,24,242,76,63
1660636800,16-08-2022 04:00,309,87,27,174,63,66
1660640400,16-08-2022 05:00,315,146,45,123,49,64
1660644000,16-08-2022 06:00,320,208,74,74,32,52
1660647600,16-08-2022 07:00,338,272,105,53,21,40
1660651200,16-08-2022 08:00,322,309,128,43,14,28
1660654800,16-08-2022 09:00,309,333,144,40,11,21
1660658400,16-08-2022 10:00,309,351,157,55,12,17
1660662000,16-08-2022 11:00,341,366,164,91,14,14
1660665600,16-08-2022 12:00,357,367,177,129,20,13
1660669200,16-08-2022 13:00,369,373,179,163,29,17
1660672800,16-08-2022 14:00,361,365,181,188,38,25
1660676400,16-08-2022 15:00,329,348,176,198,45,33
1660680000,16-08-2022 16:00,286,361,172,198,48,38
1660683600,16-08-2022 17:00,219,382,175,217,52,44
1660687200,16-08-2022 18:00,155,418,181,224,56,45
1660690800,16-08-2022 19:00,106,464,201,221,55,45
1660694400,16-08-2022 20:00,79,500,231,224,56,50
1660698000,16-08-2022 21:00,73,406,215,227,57,52
1660701600,16-08-2022 22:00,90,278,162,228,55,51
1660705200,16-08-2022 23:00,125,175,107,246,58,52
1660708800,17-08-2022 00:00,159,108,67,277,62,54
1660712400,17-08-2022 01:00,197,76,42,299,68,56
1660716000,17-08-2022 02:00,240,64,29,297,74,60
1660719600,17-08-2022 03:00,269,67,25,244,78,64
1660723200,17-08-2022 04:00,309,89,27,175,66,68
1660726800,17-08-2022 05:00,306,142,44,115,47,64
1660730400,17-08-2022 06:00,311,209,73,75,33,52
1660734000,17-08-2022 07:00,323,269,108,53,20,38
1660737600,17-08-2022 08:00,310,308,132,41,15,27
1660741200,17-08-2022 09:00,311,339,150,40,11,21
1660744800,17-08-2022 10:00,308,348,160,53,11,16
1660748400,17-08-2022 11:00,329,366,169,88,13,14
1660752000,17-08-2022 12:00,355,365,181,129,21,13
1660755600,17-08-2022 13:00,362,367,180,163,33,17
1660759200,17-08-2022 14:00,362,356,184,187,39,26
1660762800,17-08-2022 15:00,320,350,179,197,44,31
1660766400,17-08-2022 16:00,296,351,175,200,49,39
1660770000,17-08-2022 17:00,210,372,172,211,51,41
1660773600,17-08-2022 18:00,153,399,188,213,53,42
1660777200,17-08-2022 19:00,104,466,231,221,52,44
1660780800,17-08-2022 20:00,75,467,232,226,54,50
1660784400,17-08-2022 21:00,75,401,221,222,55,50
1660788000,17-08-2022 22:00,93,278,167,231,55,50
1660791600,17-08-2022 23:00,129,175,124,249,56,51
1660795200,18-08-2022 00:00,158,109,74,271,62,52
1660798800,18-08-2022 01:00,208,77,46,291,66,53
1660802400,18-08-2022 02:00,249,62,32,294,72,57
1660806000,18-08-2022 03:00,267,65,26,246,74,61
1660809600,18-08-2022 04:00,301,89,29,168,64,65
1660813200,18-08-2022 05:00,293,138,48,112,46,61
1660816800,18-08-2022 06:00,305,209,83,73,32,48
1660820400,18-08-2022 07:00,311,267,121,52,21,37
1660824000,18-08-2022 08:00,343,308,148,42,15,27
1660827600,18-08-2022 09:00,299,332,167,39,12,21
1660831200,18-08-2022 10:00,290,346,172,52,10,16
1660834800,18-08-2022 11:00,317,368,186,88,14,13
1660838400,18-08-2022 12:00,344,364,200,127,20,13
1660842000,18-08-2022 13:00,352,360,195,160,32,16
1660845600,18-08-2022 14:00,343,349,196,187,38,24
1660849200,18-08-2022 15:00,313,350,189,194,47,33
1660852800,18-08-2022 16:00,263,344,184,201,49,39
1660856400,18-08-2022 17:00,204,363,184,215,53,45
1660860000,18-08-2022 18:00,149,391,188,216,54,45
1660863600,18-08-2022 19:00,148,647,298,308,76,68
1660867200,18-08-2022 20:00,106,638,307,299,73,69
1660870800,18-08-2022 21:00,106,542,291,293,75,67
1660874400,18-08-2022 22:00,124,368,213,300,75,67
1660878000,18-08-2022 23:00,122,183,117,249,59,54
1660881600,19-08-2022 00:00,216,139,84,368,84,74
1660885200,19-08-2022 01:00,261,96,53,378,91,76
1660888800,19-08-2022 02:00,308,78,37,373,98,81
1660892400,19-08-2022 03:00,328,81,32,310,96,84
1660896000,19-08-2022 04:00,370,111,36,221,85,88
1660899600,19-08-2022 05:00,363,180,55,142,59,80
1660903200,19-08-2022 06:00,367,266,96,94,38,63
1660906800,19-08-2022 07:00,376,344,138,64,24,48
1660910400,19-08-2022 08:00,369,391,169,49,17,34
1660914000,19-08-2022 09:00,359,421,186,46,13,26
1660917600,19-08-2022 10:00,360,425,194,68,12,21
1660921200,19-08-2022 11:00,391,446,209,108,16,17
1660924800,19-08-2022 12:00,418,447,220,160,26,18
1660928400,19-08-2022 13:00,440,442,221,204,38,22
1660932000,19-08-2022 14:00,429,435,218,229,49,32
1660935600,19-08-2022 15:00,372,436,209,231,55,40
1660939200,19-08-2022 16:00,314,437,203,234,57,48
1660942800,19-08-2022 17:00,254,451,205,245,61,53
1660946400,19-08-2022 18:00,189,489,213,247,63,53
1660950000,19-08-2022 19:00,133,559,249,245,62,54
1660953600,19-08-2022 20:00,97,572,264,245,63,56
1660957200,19-08-2022 21:00,89,495,254,242,64,60
1660960800,19-08-2022 22:00,104,356,194,246,64,59
1660964400,19-08-2022 23:00,142,225,130,259,66,59
1660968000,20-08-2022 00:00,181,143,82,290,71,61
1660971600,20-08-2022 01:00,218,95,51,317,77,64
1660975200,20-08-2022 02:00,255,73,34,317,82,67
1660978800,20-08-2022 03:00,285,69,28,272,84,73
1660982400,20-08-2022 04:00,328,88,29,206,75,77
1660986000,20-08-2022 05:00,330,136,42,139,58,74
1660989600,20-08-2022 06:00,354,209,75,94,39,61
1660993200,20-08-2022 07:00,351,284,110,62,26,47
1660996800,20-08-2022 08:00,347,334,138,49,18,34
1661000400,20-08-2022 09:00,344,368,159,42,13,25
1661004000,20-08-2022 10:00,362,382,169,48,11,20
1661007600,20-08-2022 11:00,373,393,183,79,12,16
1661011200,20-08-2022 12:00,397,400,202,126,19,16
1661014800,20-08-2022 13:00,398,412,202,165,32,18
1661018400,20-08-2022 14:00,397,407,198,195,43,27
1661022000,20-08-2022 15:00,367,406,198,210,49,37
1661025600,20-08-2022 16:00,308,412,194,217,55,44
1661029200,20-08-2022 17:00,253,438,197,229,58,47
1661032800,20-08-2022 18:00,187,487,205,240,60,50
1661036400,20-08-2022 19:00,130,545,226,238,62,52
1661040000,20-08-2022 20:00,94,576,256,242,63,55
1661043600,20-08-2022 21:00,85,506,264,247,65,57
1661047200,20-08-2022 22:00,100,370,196,253,67,58
1661050800,20-08-2022 23:00,131,229,131,261,65,60
1661054400,21-08-2022 00:00,178,152,86,290,70,61
1661058000,21-08-2022 01:00,208,99,54,310,76,62
1661061600,21-08-2022 02:00,255,74,35,315,79,67
1661065200,21-08-2022 03:00,277,73,28,283,85,75
1661068800,21-08-2022 04:00,317,84,27,211,77,74
1661072400,21-08-2022 05:00,330,129,40,151,59,73
1661076000,21-08-2022 06:00,349,200,69,101,43,62
1661079600,21-08-2022 07:00,361,282,110,72,29,48
1661083200,21-08-2022 08:00,350,346,143,48,19,36
1661086800,21-08-2022 09:00,343,383,164,41,13,27
1661090400,21-08-2022 10:00,360,404,178,47,11,19
1661094000,21-08-2022 11:00,387,413,191,71,12,15
1661097600,21-08-2022 12:00,409,425,208,113,17,14
1661101200,21-08-2022 13:00,449,428,211,159,29,17
1661104800,21-08-2022 14:00,417,431,216,199,40,24
1661108400,21-08-2022 15:00,379,439,208,219,49,35
1661112000,21-08-2022 16:00,299,428,209,229,56,44
1661115600,21-08-2022 17:00,238,452,214,249,60,50
1661119200,21-08-2022 18:00,172,491,216,257,63,51
1661122800,21-08-2022 19:00,116,552,245,265,66,53
1661126400,21-08-2022 20:00,84,538,258,266,66,55
1661130000,21-08-2022 21:00,78,448,243,275,66,58
1661133600,21-08-2022 22:00,96,298,178,278,70,59
1661137200,21-08-2022 23:00,130,186,112,286,71,59
1661140800,22-08-2022 00:00,163,114,70,312,74,61
1661144400,22-08-2022 01:00,212,79,44,335,81,65
1661148000,22-08-2022 02:00,266,65,30,317,86,68
1661151600,22-08-2022 03:00,289,68,26,277,86,72
1661155200,22-08-2022 04:00,326,93,30,199,75,77
1661158800,22-08-2022 05:00,323,145,46,132,57,74
1661162400,22-08-2022 06:00,335,216,76,84,37,59
1661166000,22-08-2022 07:00,340,282,112,57,23,42
1661169600,22-08-2022 08:00,344,328,138,45,17,31
1661173200,22-08-2022 09:00,334,364,161,44,12,26
1661176800,22-08-2022 10:00,339,379,172,57,12,18
1661180400,22-08-2022 11:00,359,398,183,99,15,14
1661184000,22-08-2022 12:00,395,396,195,147,23,14
1661187600,22-08-2022 13:00,412,400,193,182,35,18
1661191200,22-08-2022 14:00,399,391,194,206,44,28
1661194800,22-08-2022 15:00,349,382,190,218,50,35
1661198400,22-08-2022 16:00,302,384,184,222,53,42
1661202000,22-08-2022 17:00,227,400,188,237,57,46
1661205600,22-08-2022 18:00,154,445,191,239,60,48
1661209200,22-08-2022 19:00,107,502,223,244,59,50
1661212800,22-08-2022 20:00,82,515,249,245,61,53
1661216400,22-08-2022 21:00,81,412,226,246,61,55
1661220000,22-08-2022 22:00,97,282,168,252,61,55
1661223600,22-08-2022 23:00,135,173,109,269,62,56
1661227200,23-08-2022 00:00,168,108,69,296,66,55
1661230800,23-08-2022 01:00,218,76,42,325,74,57
1661234400,23-08-2022 02:00,263,65,30,320,84,64
1661238000,23-08-2022 03:00,291,68,25,261,84,69
1661241600,23-08-2022 04:00,341,93,29,176,70,72
1661245200,23-08-2022 05:00,324,150,46,118,50,68
1661248800,23-08-2022 06:00,336,221,78,75,33,55
1661252400,23-08-2022 07:00,342,288,116,54,21,39
1661256000,23-08-2022 08:00,339,328,140,43,14,29
1661259600,23-08-2022 09:00,326,356,163,42,11,23
1661263200,23-08-2022 10:00,332,367,169,57,10,17
1661266800,23-08-2022 11:00,357,387,178,94,14,14
1661270400,23-08-2022 12:00,392,386,191,142,23,15
1661274000,23-08-2022 13:00,396,385,191,180,36,18
1661277600,23-08-2022 14:00,398,375,195,199,43,27
1661281200,23-08-2022 15:00,354,370,187,210,51,34
1661284800,23-08-2022 16:00,480,372,184,216,55,41
1661288400,23-08-2022 17:00,224,386,183,224,56,44
1661292000,23-08-2022 18:00,161,423,188,225,59,46
1661295600,23-08-2022 19:00,110,486,218,237,59,47
1661299200,23-08-2022 20:00,79,519,265,237,60,52
1661302800,23-08-2022 21:00,76,417,242,236,61,52
1661306400,23-08-2022 22:00,96,278,176,244,61,54
1661310000,23-08-2022 23:00,136,173,107,261,63,54
1661313600,24-08-2022 00:00,164,109,67,294,67,55
1661317200,24-08-2022 01:00,216,76,43,324,75,56
1661320800,24-08-2022 02:00,261,63,31,310,82,63
1661324400,24-08-2022 03:00,282,67,24,260,84,66
1661328000,24-08-2022 04:00,313,93,29,181,70,72
1661331600,24-08-2022 05:00,307,145,47,117,49,66
1661335200,24-08-2022 06:00,327,213,79,74,32,53
1661338800,24-08-2022 07:00,333,280,111,53,21,38
1661342400,24-08-2022 08:00,327,322,140,41,15,29
1661346000,24-08-2022 09:00,319,344,177,42,11,21
1661349600,24-08-2022 10:00,337,363,184,56,11,16
1661353200,24-08-2022 11:00,358,372,195,96,14,14
1661356800,24-08-2022 12:00,378,375,211,135,23,14
1661360400,24-08-2022 13:00,403,387,208,181,35,19
1661364000,24-08-2022 14:00,388,374,195,198,44,27
1661367600,24-08-2022 15:00,343,363,188,204,52,34
1661371200,24-08-2022 16:00,298,361,182,220,54,40
1661374800,24-08-2022 17:00,235,377,180,222,56,44
1661378400,24-08-2022 18:00,161,412,187,223,59,46
1661382000,24-08-2022 19:00,113,458,214,232,58,48
1661385600,24-08-2022 20:00,79,466,239,232,60,51
1661389200,24-08-2022 21:00,74,406,226,231,59,53
1661392800,24-08-2022 22:00,93,274,171,236,61,52
1661396400,24-08-2022 23:00,130,167,106,253,62,52
1661400000,25-08-2022 00:00,161,106,66,276,69,54
1661403600,25-08-2022 01:00,214,74,42,310,73,56
1661407200,25-08-2022 02:00,252,61,29,299,80,60
1661410800,25-08-2022 03:00,279,66,24,246,82,64
1661414400,25-08-2022 04:00,303,91,29,175,67,72
1661418000,25-08-2022 05:00,307,143,48,117,49,64
1661421600,25-08-2022 06:00,319,211,80,76,33,51
1661425200,25-08-2022 07:00,326,275,113,51,21,37
1661428800,25-08-2022 08:00,313,317,138,42,13,27
1661432400,25-08-2022 09:00,310,339,155,41,11,20
1661436000,25-08-2022 10:00,319,359,183,55,11,16
1661439600,25-08-2022 11:00,346,370,191,92,14,14
1661443200,25-08-2022 12:00,371,374,206,135,22,14
1661446800,25-08-2022 13:00,562,529,270,252,50,28
1661450400,25-08-2022 14:00,512,487,251,260,62,37
1661454000,25-08-2022 15:00,443,470,244,272,67,49
1661457600,25-08-2022 16:00,472,466,232,276,69,56
1661461200,25-08-2022 17:00,283,487,233,285,75,59
1661464800,25-08-2022 18:00,204,526,242,288,75,63
1661468400,25-08-2022 19:00,135,598,277,287,74,62
1661472000,25-08-2022 20:00,98,610,305,281,74,65
1661475600,25-08-2022 21:00,99,497,283,283,75,67
1661479200,25-08-2022 22:00,127,347,212,291,74,66
1661482800,25-08-2022 23:00,172,209,132,313,79,65
1661486400,26-08-2022 00:00,210,129,80,335,82,67
1661490000,26-08-2022 01:00,258,89,50,378,89,71
1661493600,26-08-2022 02:00,307,73,35,372,97,76
1661497200,26-08-2022 03:00,339,77,29,299,98,82
1661500800,26-08-2022 04:00,369,104,34,213,76,93
1661504400,26-08-2022 05:00,355,173,58,136,53,83
1661508000,26-08-2022 06:00,374,255,97,88,36,68
1661511600,26-08-2022 07:00,372,337,137,62,22,47
1661515200,26-08-2022 08:00,359,372,164,49,15,34
1661518800,26-08-2022 09:00,357,395,179,47,11,26
1661522400,26-08-2022 10:00,359,407,189,64,12,20
1661526000,26-08-2022 11:00,396,429,203,110,16,17
1661529600,26-08-2022 12:00,415,426,219,159,26,16
1661533200,26-08-2022 13:00,428,421,212,194,36,22
1661536800,26-08-2022 14:00,426,423,217,220,51,31
1661540400,26-08-2022 15:00,379,416,211,236,57,42
1661544000,26-08-2022 16:00,313,416,203,237,60,52
1661547600,26-08-2022 17:00,263,439,199,248,62,55
1661551200,26-08-2022 18:00,184,481,209,253,62,59
1661554800,26-08-2022 19:00,126,538,246,252,61,58
1661558400,26-08-2022 20:00,93,543,259,244,62,61
1661562000,26-08-2022 21:00,89,480,252,248,64,63
1661565600,26-08-2022 22:00,104,343,191,258,62,62
1661569200,26-08-2022 23:00,140,216,130,265,63,64
1661572800,27-08-2022 00:00,176,136,81,299,68,63
1661576400,27-08-2022 01:00,228,88,53,323,74,66
1661580000,27-08-2022 02:00,256,71,35,326,82,73
1661583600,27-08-2022 03:00,285,70,28,279,84,77
1661587200,27-08-2022 04:00,322,88,29,211,74,86
1661590800,27-08-2022 05:00,337,134,44,144,54,80
1661594400,27-08-2022 06:00,345,205,77,96,36,63
1661598000,27-08-2022 07:00,368,280,114,65,25,47
1661601600,27-08-2022 08:00,347,331,142,48,16,35
1661605200,27-08-2022 09:00,343,361,162,44,12,26
1661608800,27-08-2022 10:00,389,378,173,50,11,20
1661612400,27-08-2022 11:00,394,385,183,80,12,15
1661616000,27-08-2022 12:00,396,397,203,124,19,15
1661619600,27-08-2022 13:00,415,394,202,164,31,19
1661623200,27-08-2022 14:00,415,396,200,193,42,28
1661626800,27-08-2022 15:00,403,402,200,210,49,38
1661630400,27-08-2022 16:00,342,405,198,219,54,44
1661634000,27-08-2022 17:00,258,422,191,230,59,51
1661637600,27-08-2022 18:00,189,473,200,239,61,53
1661641200,27-08-2022 19:00,134,532,224,240,60,55
1661644800,27-08-2022 20:00,94,538,253,245,62,57
1661648400,27-08-2022 21:00,82,473,249,250,64,62
1661652000,27-08-2022 22:00,96,346,194,260,66,61
1661655600,27-08-2022 23:00,136,218,129,267,67,62
1661659200,28-08-2022 00:00,199,134,85,286,70,66
1661662800,28-08-2022 01:00,220,91,54,320,75,66
1661666400,28-08-2022 02:00,256,70,36,326,81,72
1661670000,28-08-2022 03:00,283,66,26,279,85,75
1661673600,28-08-2022 04:00,322,81,27,219,75,85
1661677200,28-08-2022 05:00,347,125,38,152,56,77
1661680800,28-08-2022 06:00,363,197,71,99,39,66
1661684400,28-08-2022 07:00,369,277,111,67,26,50
1661688000,28-08-2022 08:00,353,339,142,49,20,37
1661691600,28-08-2022 09:00,349,377,167,41,13,27
1661695200,28-08-2022 10:00,360,396,181,45,12,20
1661698800,28-08-2022 11:00,418,412,190,72,12,15
1661702400,28-08-2022 12:00,436,426,210,118,18,15
1661706000,28-08-2022 13:00,424,414,217,163,28,18
1661709600,28-08-2022 14:00,409,416,210,199,41,26
1661713200,28-08-2022 15:00,373,421,220,218,50,37
1661716800,28-08-2022 16:00,289,434,213,230,55,46
1661720400,28-08-2022 17:00,224,445,208,245,60,50
1661724000,28-08-2022 18:00,156,484,218,257,63,54
1661727600,28-08-2022 19:00,123,535,243,260,64,56
1661731200,28-08-2022 20:00,82,537,261,263,66,59
1661734800,28-08-2022 21:00,77,438,252,269,68,61
1661738400,28-08-2022 22:00,95,291,173,285,70,63
1661742000,28-08-2022 23:00,127,183,113,293,71,65
1661745600,29-08-2022 00:00,164,116,69,314,74,66
1661749200,29-08-2022 01:00,217,81,44,358,79,67
1661752800,29-08-2022 02:00,268,66,29,349,90,72
1661756400,29-08-2022 03:00,291,69,25,278,88,78
1661760000,29-08-2022 04:00,333,91,28,195,72,81
1661763600,29-08-2022 05:00,323,147,48,128,50,76
1661767200,29-08-2022 06:00,336,217,77,80,33,60
1661770800,29-08-2022 07:00,340,285,112,56,21,43
1661774400,29-08-2022 08:00,333,331,138,42,14,32
1661778000,29-08-2022 09:00,321,364,159,42,11,23
1661781600,29-08-2022 10:00,330,375,173,57,11,18
1661785200,29-08-2022 11:00,369,401,183,98,15,16
1661788800,29-08-2022 12:00,388,399,191,145,23,15
1661792400,29-08-2022 13:00,406,395,196,179,35,19
1661796000,29-08-2022 14:00,400,389,196,210,46,27
1661799600,29-08-2022 15:00,348,386,195,223,51,37
1661803200,29-08-2022 16:00,281,381,189,223,52,44
1661806800,29-08-2022 17:00,223,408,185,240,58,48
1661810400,29-08-2022 18:00,157,449,196,247,60,50
1661814000,29-08-2022 19:00,109,553,239,243,60,53
1661817600,29-08-2022 20:00,78,520,258,249,60,56
1661821200,29-08-2022 21:00,76,413,234,251,62,56
1661824800,29-08-2022 22:00,98,278,178,251,63,58
1661828400,29-08-2022 23:00,139,168,107,276,67,59
1661832000,30-08-2022 00:00,175,105,68,310,75,61
1661835600,30-08-2022 01:00,219,72,44,336,80,63
1661839200,30-08-2022 02:00,264,61,29,321,86,70
1661842800,30-08-2022 03:00,292,63,26,257,85,72
1661846400,30-08-2022 04:00,317,92,29,178,72,77
1661850000,30-08-2022 05:00,311,146,52,117,48,71
1661853600,30-08-2022 06:00,334,220,82,74,30,55
1661857200,30-08-2022 07:00,334,288,117,53,19,39
1661860800,30-08-2022 08:00,330,324,145,41,13,30
1661864400,30-08-2022 09:00,316,351,162,42,11,22
1661868000,30-08-2022 10:00,318,363,173,58,10,16
1661871600,30-08-2022 11:00,353,380,184,96,14,14
1661875200,30-08-2022 12:00,371,381,189,142,23,14
1661878800,30-08-2022 13:00,377,381,191,181,35,19
1661882400,30-08-2022 14:00,380,370,195,202,45,27
1661886000,30-08-2022 15:00,327,366,190,211,51,35
1661889600,30-08-2022 16:00,271,361,184,219,55,42
1661893200,30-08-2022 17:00,207,391,183,239,57,47
1661896800,30-08-2022 18:00,154,423,192,238,59,49
1661900400,30-08-2022 19:00,109,486,218,242,61,51
1661904000,30-08-2022 20:00,77,490,249,238,63,53
1661907600,30-08-2022 21:00,79,463,245,252,66,58
1661911200,30-08-2022 22:00,98,275,163,250,66,55
1661914800,30-08-2022 23:00,139,170,107,273,68,57
1661918400,31-08-2022 00:00,167,104,66,306,74,58
1661922000,31-08-2022 01:00,216,73,43,336,80,63
1661925600,31-08-2022 02:00,257,62,29,313,86,66
1661929200,31-08-2022 03:00,281,66,26,259,89,70
1661932800,31-08-2022 04:00,308,95,30,180,71,77
1661936400,31-08-2022 05:00,303,154,51,113,49,70
1661940000,31-08-2022 06:00,320,227,85,73,31,53
1661943600,31-08-2022 07:00,328,288,117,52,19,39
1661947200,31-08-2022 08:00,320,326,144,41,13,29
1661950800,31-08-2022 09:00,305,349,158,41,10,21
1661954400,31-08-2022 10:00,311,364,165,56,10,16
1661958000,31-08-2022 11:00,332,373,178,96,14,13
1661961600,31-08-2022 12:00,363,374,188,139,22,14
1661965200,31-08-2022 13:00,378,370,190,174,35,19
1661968800,31-08-2022 14:00,381,361,187,199,45,27
1661972400,31-08-2022 15:00,326,357,185,208,53,35
1661976000,31-08-2022 16:00,268,355,176,206,53,41
1661979600,31-08-2022 17:00,210,389,182,227,58,48
1661983200,31-08-2022 18:00,152,427,195,228,58,49
1661986800,31-08-2022 19:00,106,479,267,232,60,50
1661990400,31-08-2022 20:00,79,483,271,235,62,52
1661994000,31-08-2022 21:00,75,378,250,234,61,54
1661997600,31-08-2022 22:00,94,262,176,239,64,56
1662001200,31-08-2022 23:00,129,159,113,255,67,53
1662004800,01-09-2022 00:00,166,101,68,287,73,57
1662008400,01-09-2022 01:00,215,69,44,323,79,60
1662012000,01-09-2022 02:00,249,60,31,324,90,67
1662015600,01-09-2022 03:00,272,64,27,252,85,72
1662019200,01-09-2022 04:00,304,93,31,178,70,77
1662022800,01-09-2022 05:00,298,144,54,115,49,68
1662026400,01-09-2022 06:00,313,213,88,76,31,55
1662030000,01-09-2022 07:00,318,280,118,51,19,40
1662033600,01-09-2022 08:00,309,313,146,43,13,29
1662037200,01-09-2022 09:00,304,342,160,41,10,21
1662040800,01-09-2022 10:00,316,351,166,57,9,17
1662044400,01-09-2022 11:00,333,366,179,96,15,14
1662048000,01-09-2022 12:00,393,370,190,136,24,14
1662051600,01-09-2022 13:00,391,367,193,172,36,20
1662055200,01-09-2022 14:00,380,361,192,196,45,27
1662058800,01-09-2022 15:00,317,355,187,204,51,35
1662062400,01-09-2022 16:00,275,360,184,208,54,42
1662066000,01-09-2022 17:00,203,381,185,221,55,46
1662069600,01-09-2022 18:00,151,414,187,221,58,47
1662073200,01-09-2022 19:00,151,671,309,318,81,70
1662076800,01-09-2022 20:00,107,641,314,306,79,73
1662080400,01-09-2022 21:00,106,514,282,297,79,72
1662084000,01-09-2022 22:00,130,335,198,302,83,70
1662087600,01-09-2022 23:00,175,199,123,320,83,71
1662091200,02-09-2022 00:00,232,120,75,353,90,71
1662094800,02-09-2022 01:00,270,86,50,391,97,77
1662098400,02-09-2022 02:00,315,75,35,380,106,82
1662102000,02-09-2022 03:00,349,83,30,311,106,86
1662105600,02-09-2022 04:00,369,118,38,217,84,94
1662109200,02-09-2022 05:00,361,190,65,142,57,85
1662112800,02-09-2022 06:00,384,283,105,89,37,66
1662116400,02-09-2022 07:00,371,360,140,62,23,48
1662120000,02-09-2022 08:00,361,396,163,49,16,36
1662123600,02-09-2022 09:00,355,417,179,49,12,26
1662127200,02-09-2022 10:00,381,424,183,65,12,20
1662130800,02-09-2022 11:00,407,437,202,109,16,17
1662134400,02-09-2022 12:00,428,436,210,159,27,17
1662138000,02-09-2022 13:00,459,432,207,203,43,22
1662141600,02-09-2022 14:00,457,425,215,222,52,33
1662145200,02-09-2022 15:00,377,426,204,231,60,42
1662148800,02-09-2022 16:00,327,428,203,237,62,51
1662152400,02-09-2022 17:00,256,448,201,245,63,53
1662156000,02-09-2022 18:00,183,494,209,247,65,55
1662159600,02-09-2022 19:00,127,552,258,246,63,56
1662163200,02-09-2022 20:00,95,563,272,247,64,61
1662166800,02-09-2022 21:00,90,471,260,251,65,62
1662170400,02-09-2022 22:00,105,329,190,257,66,64
1662174000,02-09-2022 23:00,143,204,125,268,69,63
1662177600,03-09-2022 00:00,183,127,79,305,73,64
1662181200,03-09-2022 01:00,222,85,51,342,78,69
1662184800,03-09-2022 02:00,268,71,35,340,87,76
1662188400,03-09-2022 03:00,297,70,29,296,88,82
1662192000,03-09-2022 04:00,324,90,30,213,74,84
1662195600,03-09-2022 05:00,341,140,46,142,57,79
1662199200,03-09-2022 06:00,351,217,81,95,37,64
1662202800,03-09-2022 07:00,351,298,123,64,23,48
1662206400,03-09-2022 08:00,345,347,148,48,16,36
1662210000,03-09-2022 09:00,349,375,165,43,12,26
1662213600,03-09-2022 10:00,353,390,179,50,11,20
1662217200,03-09-2022 11:00,373,403,187,82,13,15
1662220800,03-09-2022 12:00,394,412,209,127,19,17
1662224400,03-09-2022 13:00,408,404,207,172,32,19
1662228000,03-09-2022 14:00,402,399,207,204,43,29
1662231600,03-09-2022 15:00,373,413,200,221,55,41
1662235200,03-09-2022 16:00,313,424,205,231,57,48
1662238800,03-09-2022 17:00,251,456,212,249,61,53
1662242400,03-09-2022 18:00,192,501,208,247,63,55
1662246000,03-09-2022 19:00,132,566,241,250,67,57
1662249600,03-09-2022 20:00,94,567,259,258,68,60
1662253200,03-09-2022 21:00,84,488,249,268,70,66
1662256800,03-09-2022 22:00,100,350,196,260,68,64
1662260400,03-09-2022 23:00,134,217,130,280,71,65
1662264000,04-09-2022 00:00,175,134,81,297,75,65
1662267600,04-09-2022 01:00,220,89,51,326,79,69
1662271200,04-09-2022 02:00,255,67,34,335,89,73
1662274800,04-09-2022 03:00,286,66,27,294,88,77
1662278400,04-09-2022 04:00,323,82,27,216,76,87
1662282000,04-09-2022 05:00,331,127,39,150,58,77
1662285600,04-09-2022 06:00,351,205,70,102,39,66
1662289200,04-09-2022 07:00,359,286,112,67,27,50
1662292800,04-09-2022 08:00,351,353,146,49,17,36
1662296400,04-09-2022 09:00,380,388,172,41,13,28
1662300000,04-09-2022 10:00,363,405,185,46,10,20
1662303600,04-09-2022 11:00,386,424,195,73,11,16
1662307200,04-09-2022 12:00,432,434,216,118,17,14
1662310800,04-09-2022 13:00,440,427,219,167,29,17
1662314400,04-09-2022 14:00,423,420,213,200,41,26
1662318000,04-09-2022 15:00,368,485,229,236,53,39
1662321600,04-09-2022 16:00,291,451,217,238,56,46
1662325200,04-09-2022 17:00,220,461,210,247,61,52
1662328800,04-09-2022 18:00,176,518,222,256,66,56
1662332400,04-09-2022 19:00,118,551,267,264,69,57
1662336000,04-09-2022 20:00,82,532,279,269,69,62
1662339600,04-09-2022 21:00,79,417,243,274,72,62
1662343200,04-09-2022 22:00,103,274,174,281,76,64
1662346800,04-09-2022 23:00,145,164,104,295,75,64
1662350400,05-09-2022 00:00,170,102,64,327,82,68
1662354000,05-09-2022 01:00,222,73,42,351,85,69
1662357600,05-09-2022 02:00,282,62,30,335,93,75
1662361200,05-09-2022 03:00,307,73,26,290,93,79
1662364800,05-09-2022 04:00,339,104,31,213,78,84
1662368400,05-09-2022 05:00,336,162,53,148,59,77
1662372000,05-09-2022 06:00,345,242,85,97,39,64
1662375600,05-09-2022 07:00,343,312,116,66,25,50
1662379200,05-09-2022 08:00,337,354,144,49,16,36
1662382800,05-09-2022 09:00,331,372,161,45,12,27
1662386400,05-09-2022 10:00,335,384,168,54,10,20
1662390000,05-09-2022 11:00,368,410,178,90,13,16
1662393600,05-09-2022 12:00,392,430,193,144,21,16
1662397200,05-09-2022 13:00,419,416,196,188,34,18
1662400800,05-09-2022 14:00,395,414,193,221,46,27
1662404400,05-09-2022 15:00,341,410,193,243,56,40
1662408000,05-09-2022 16:00,275,412,190,246,60,47
1662411600,05-09-2022 17:00,219,441,193,258,64,54
1662415200,05-09-2022 18:00,153,471,198,270,65,58
1662418800,05-09-2022 19:00,107,521,231,273,68,61
1662422400,05-09-2022 20:00,80,494,247,275,69,61
1662426000,05-09-2022 21:00,79,391,227,279,73,64
1662429600,05-09-2022 22:00,100,255,161,296,78,66
1662433200,05-09-2022 23:00,137,150,97,299,78,65
1662436800,06-09-2022 00:00,173,96,59,339,83,69
1662440400,06-09-2022 01:00,225,66,38,360,87,71
1662444000,06-09-2022 02:00,269,60,28,329,94,74
1662447600,06-09-2022 03:00,295,73,24,269,91,78
1662451200,06-09-2022 04:00,322,106,30,190,72,81
1662454800,06-09-2022 05:00,321,167,54,122,50,74
1662458400,06-09-2022 06:00,337,249,84,79,33,57
1662462000,06-09-2022 07:00,335,319,116,57,20,42
1662465600,06-09-2022 08:00,327,352,142,46,15,31
1662469200,06-09-2022 09:00,320,371,159,45,31,0
1662472800,06-09-2022 10:00,331,385,166,60,26,0
1662476400,06-09-2022 11:00,351,398,176,100,27,0
1662480000,06-09-2022 12:00,385,414,187,144,38,0
1662483600,06-09-2022 13:00,404,407,189,182,36,19
1662487200,06-09-2022 14:00,411,404,190,209,47,27
1662490800,06-09-2022 15:00,347,406,189,219,54,36
1662494400,06-09-2022 16:00,278,417,186,227,57,43
1662498000,06-09-2022 17:00,211,438,184,241,59,46
1662501600,06-09-2022 18:00,166,479,194,250,64,50
1662505200,06-09-2022 19:00,111,535,234,246,61,52
1662508800,06-09-2022 20:00,81,514,304,246,63,56
1662512400,06-09-2022 21:00,80,414,238,245,67,58
1662516000,06-09-2022 22:00,99,256,156,248,66,56
1662519600,06-09-2022 23:00,135,156,94,264,69,57
1662523200,07-09-2022 00:00,175,93,59,303,76,60
1662526800,07-09-2022 01:00,227,68,39,341,83,61
1662530400,07-09-2022 02:00,267,62,29,314,90,67
1662534000,07-09-2022 03:00,290,72,24,266,87,74
1662537600,07-09-2022 04:00,305,104,30,188,70,76
1662541200,07-09-2022 05:00,313,168,52,118,47,67
1662544800,07-09-2022 06:00,328,254,87,76,30,56
1662548400,07-09-2022 07:00,327,321,119,54,18,40
1662552000,07-09-2022 08:00,12,348,217,42,12,257
1662555600,07-09-2022 09:00,0,378,237,42,10,252
1662559200,07-09-2022 10:00,252,387,186,57,10,66
1662562800,07-09-2022 11:00,362,400,178,92,14,14
1662566400,07-09-2022 12:00,382,400,190,136,23,14
1662570000,07-09-2022 13:00,398,404,197,178,35,20
1662573600,07-09-2022 14:00,393,399,193,203,46,27
1662577200,07-09-2022 15:00,339,403,190,215,51,36
1662580800,07-09-2022 16:00,275,410,186,222,55,43
1662584400,07-09-2022 17:00,210,432,186,231,57,47
1662588000,07-09-2022 18:00,154,466,190,235,59,49
1662591600,07-09-2022 19:00,105,517,236,236,59,50
1662595200,07-09-2022 20:00,79,491,266,241,62,53
1662598800,07-09-2022 21:00,75,382,218,245,65,55
1662602400,07-09-2022 22:00,93,245,152,246,64,54
1662606000,07-09-2022 23:00,128,146,95,260,68,56
1662609600,08-09-2022 00:00,165,93,58,296,73,58
1662613200,08-09-2022 01:00,223,66,38,323,81,60
1662616800,08-09-2022 02:00,261,61,28,324,88,66
1662620400,08-09-2022 03:00,289,73,25,257,85,71
1662624000,08-09-2022 04:00,311,104,31,181,70,74
1662627600,08-09-2022 05:00,310,166,53,118,48,69
1662631200,08-09-2022 06:00,324,249,86,75,30,53
1662634800,08-09-2022 07:00,328,319,118,52,19,41
1662638400,08-09-2022 08:00,309,5,487,42,13,28
1662642000,08-09-2022 09:00,308,0,529,41,10,22
1662645600,08-09-2022 10:00,317,0,540,58,10,17
1662649200,08-09-2022 11:00,341,391,175,96,14,14
1662652800,08-09-2022 12:00,357,410,187,143,24,15
1662656400,08-09-2022 13:00,400,419,196,198,39,21
1662660000,08-09-2022 14:00,393,465,206,219,49,31
1662663600,08-09-2022 15:00,331,437,203,233,57,40
1662667200,08-09-2022 16:00,276,457,209,241,62,48
1662670800,08-09-2022 17:00,270,475,210,257,64,52
1662674400,08-09-2022 18:00,237,1000,434,531,140,101
1662678000,08-09-2022 19:00,144,762,363,359,99,77
1662681600,08-09-2022 20:00,141,929,483,442,115,102
1662685200,08-09-2022 21:00,98,508,305,302,86,71
1662688800,08-09-2022 22:00,175,446,274,425,112,92
1662692400,08-09-2022 23:00,224,251,158,418,112,91
1662696000,09-09-2022 00:00,275,150,93,453,120,91
1662699600,09-09-2022 01:00,316,105,59,504,124,97
1662703200,09-09-2022 02:00,363,96,41,462,129,102
1662706800,09-09-2022 03:00,395,112,38,382,128,107
1662710400,09-09-2022 04:00,424,169,50,262,100,107
1662714000,09-09-2022 05:00,405,274,93,164,67,96
1662717600,09-09-2022 06:00,420,405,150,104,41,75
1662721200,09-09-2022 07:00,406,495,196,70,25,54
1662724800,09-09-2022 08:00,394,514,218,56,18,39
1662728400,09-09-2022 09:00,393,534,233,55,13,29
1662732000,09-09-2022 10:00,391,543,233,81,13,22
1662735600,09-09-2022 11:00,423,542,257,136,20,19
1662739200,09-09-2022 12:00,440,538,265,194,33,19
1662742800,09-09-2022 13:00,481,519,256,243,50,26
1662746400,09-09-2022 14:00,487,509,251,266,63,38
1662750000,09-09-2022 15:00,401,502,242,272,67,49
1662753600,09-09-2022 16:00,330,509,243,271,72,56
1662757200,09-09-2022 17:00,270,540,236,288,74,61
1662760800,09-09-2022 18:00,198,600,254,298,74,64
1662764400,09-09-2022 19:00,138,634,296,278,76,64
1662768000,09-09-2022 20:00,98,619,314,280,72,67
1662771600,09-09-2022 21:00,94,516,283,272,72,70
1662775200,09-09-2022 22:00,114,359,210,282,73,67
1662778800,09-09-2022 23:00,154,233,133,292,76,67
1662782400,10-09-2022 00:00,187,139,83,326,80,69
1662786000,10-09-2022 01:00,232,90,53,365,84,74
1662789600,10-09-2022 02:00,266,74,35,362,93,77
1662793200,10-09-2022 03:00,298,76,30,304,94,86
1662796800,10-09-2022 04:00,334,98,34,236,82,92
1662800400,10-09-2022 05:00,343,152,53,154,58,83
1662804000,10-09-2022 06:00,354,240,93,101,39,67
1662807600,10-09-2022 07:00,360,324,133,68,25,50
1662811200,10-09-2022 08:00,353,387,163,50,16,38
1662814800,10-09-2022 09:00,354,428,187,46,13,27
1662818400,10-09-2022 10:00,365,451,199,55,11,22
1662822000,10-09-2022 11:00,382,465,215,86,13,18
1662825600,10-09-2022 12:00,409,459,227,139,21,16
1662829200,10-09-2022 13:00,412,454,233,181,34,21
1662832800,10-09-2022 14:00,413,457,223,220,46,31
1662836400,10-09-2022 15:00,392,463,218,234,56,43
1662840000,10-09-2022 16:00,322,475,218,246,63,51
1662843600,10-09-2022 17:00,261,500,222,255,67,55
1662847200,10-09-2022 18:00,195,544,233,269,69,58
1662850800,10-09-2022 19:00,133,608,255,265,69,62
1662854400,10-09-2022 20:00,94,624,281,270,72,62
1662858000,10-09-2022 21:00,87,513,273,278,73,66
1662861600,10-09-2022 22:00,103,357,201,291,77,69
1662865200,10-09-2022 23:00,137,232,136,296,78,70
1662868800,11-09-2022 00:00,174,141,84,323,79,72
1662872400,11-09-2022 01:00,218,93,52,355,85,75
1662876000,11-09-2022 02:00,258,72,35,353,90,77
1662879600,11-09-2022 03:00,297,71,28,307,90,82
1662883200,11-09-2022 04:00,340,91,29,250,83,97
1662886800,11-09-2022 05:00,357,138,45,168,62,85
1662890400,11-09-2022 06:00,364,221,79,110,44,68
1662894000,11-09-2022 07:00,372,315,123,75,28,55
1662897600,11-09-2022 08:00,370,398,159,54,19,39
1662901200,11-09-2022 09:00,367,432,186,45,13,29
1662904800,11-09-2022 10:00,380,467,200,52,11,23
1662908400,11-09-2022 11:00,422,477,215,79,12,17
1662912000,11-09-2022 12:00,447,479,234,128,18,16
1662915600,11-09-2022 13:00,443,482,246,182,32,18
1662919200,11-09-2022 14:00,456,485,236,220,45,28
1662922800,11-09-2022 15:00,398,496,236,243,54,41
1662926400,11-09-2022 16:00,320,517,233,263,60,49
1662930000,11-09-2022 17:00,253,530,239,281,68,57
1662933600,11-09-2022 18:00,225,575,243,299,75,63
1662937200,11-09-2022 19:00,126,635,291,298,77,63
1662940800,11-09-2022 20:00,86,580,281,298,74,63
1662944400,11-09-2022 21:00,84,471,255,311,84,69
1662948000,11-09-2022 22:00,104,306,184,298,79,67
1662951600,11-09-2022 23:00,143,175,106,323,81,68
1662955200,12-09-2022 00:00,182,108,65,365,87,74
1662958800,12-09-2022 01:00,230,76,42,381,93,74
1662962400,12-09-2022 02:00,281,65,29,350,100,75
1662966000,12-09-2022 03:00,311,78,25,292,96,85
1662969600,12-09-2022 04:00,336,114,32,198,78,84
1662973200,12-09-2022 05:00,339,176,57,133,54,76
1662976800,12-09-2022 06:00,350,270,91,85,36,61
1662980400,12-09-2022 07:00,348,339,130,59,22,44
1662984000,12-09-2022 08:00,337,371,153,45,15,31
1662987600,12-09-2022 09:00,338,1,569,44,11,24
1662991200,12-09-2022 10:00,341,0,589,76,11,19
1662994800,12-09-2022 11:00,377,0,617,104,16,15
1662998400,12-09-2022 12:00,407,433,198,156,26,15
1663002000,12-09-2022 13:00,425,433,200,194,39,21
1663005600,12-09-2022 14:00,412,440,208,231,51,30
1663009200,12-09-2022 15:00,366,443,204,234,58,39
1663012800,12-09-2022 16:00,297,440,200,234,58,47
1663016400,12-09-2022 17:00,230,471,204,252,62,52
1663020000,12-09-2022 18:00,158,501,208,252,64,55
1663023600,12-09-2022 19:00,109,550,250,254,65,55
1663027200,12-09-2022 20:00,80,507,270,255,66,58
1663030800,12-09-2022 21:00,78,404,236,256,68,60
1663034400,12-09-2022 22:00,100,263,164,262,70,59
1663038000,12-09-2022 23:00,142,153,96,283,74,58
1663041600,13-09-2022 00:00,175,97,57,311,78,60
1663045200,13-09-2022 01:00,237,70,39,367,92,68
1663048800,13-09-2022 02:00,274,62,28,355,99,72
1663052400,13-09-2022 03:00,302,75,25,284,98,82
1663056000,13-09-2022 04:00,326,111,33,189,78,81
1663059600,13-09-2022 05:00,320,175,58,119,51,72
1663063200,13-09-2022 06:00,346,266,92,78,32,56
1663066800,13-09-2022 07:00,343,330,131,54,20,40
1663070400,13-09-2022 08:00,333,366,153,42,13,31
1663074000,13-09-2022 09:00,332,391,172,55,0,23
1663077600,13-09-2022 10:00,329,403,177,73,0,18
1663081200,13-09-2022 11:00,361,418,187,120,0,15
1663084800,13-09-2022 12:00,397,422,196,179,0,15
1663088400,13-09-2022 13:00,412,417,198,228,0,19
1663092000,13-09-2022 14:00,413,415,201,263,0,30
1663095600,13-09-2022 15:00,370,424,199,223,57,40
1663099200,13-09-2022 16:00,296,439,201,228,59,46
1663102800,13-09-2022 17:00,229,465,214,246,64,52
1663106400,13-09-2022 18:00,162,511,220,249,66,51
1663110000,13-09-2022 19:00,110,554,256,248,65,55
1663113600,13-09-2022 20:00,84,524,272,249,63,58
1663117200,13-09-2022 21:00,79,420,240,247,69,59
1663120800,13-09-2022 22:00,102,262,161,249,70,57
1663124400,13-09-2022 23:00,139,155,95,273,70,58
1663128000,14-09-2022 00:00,178,94,57,305,77,60
1663131600,14-09-2022 01:00,234,67,38,336,85,63
1663135200,14-09-2022 02:00,278,62,27,329,91,68
1663138800,14-09-2022 03:00,308,73,25,256,90,77
1663142400,14-09-2022 04:00,322,110,33,177,74,80
1663146000,14-09-2022 05:00,319,172,61,118,48,72
1663149600,14-09-2022 06:00,340,259,94,76,31,56
1663153200,14-09-2022 07:00,342,335,132,52,20,41
1663156800,14-09-2022 08:00,329,364,153,42,13,30
1663160400,14-09-2022 09:00,324,386,168,44,11,22
1663164000,14-09-2022 10:00,323,397,173,60,10,17
1663167600,14-09-2022 11:00,356,412,180,101,15,14
1663171200,14-09-2022 12:00,388,417,197,149,24,15
1663174800,14-09-2022 13:00,397,418,199,184,37,20
1663178400,14-09-2022 14:00,413,443,214,222,51,30
1663182000,14-09-2022 15:00,356,430,202,223,55,38
1663185600,14-09-2022 16:00,287,435,198,225,58,47
1663189200,14-09-2022 17:00,220,454,199,231,59,49
1663192800,14-09-2022 18:00,157,495,210,236,61,50
1663196400,14-09-2022 19:00,107,534,245,237,60,51
1663200000,14-09-2022 20:00,82,519,279,239,60,55
1663203600,14-09-2022 21:00,79,418,264,238,63,57
1663207200,14-09-2022 22:00,106,264,173,242,64,55
1663210800,14-09-2022 23:00,135,154,99,258,66,56
1663214400,15-09-2022 00:00,181,97,62,285,69,58
1663218000,15-09-2022 01:00,231,68,39,327,77,60
1663221600,15-09-2022 02:00,270,62,28,313,83,66
1663225200,15-09-2022 03:00,296,74,26,256,84,74
1663228800,15-09-2022 04:00,314,106,35,178,67,78
1663232400,15-09-2022 05:00,312,170,63,114,47,71
1663236000,15-09-2022 06:00,332,259,97,74,30,56
1663239600,15-09-2022 07:00,327,323,137,52,19,41
1663243200,15-09-2022 08:00,318,358,161,42,13,28
1663246800,15-09-2022 09:00,307,387,172,42,10,21
1663250400,15-09-2022 10:00,311,390,178,58,10,17
1663254000,15-09-2022 11:00,339,403,189,97,14,14
1663257600,15-09-2022 12:00,370,409,201,142,23,15
1663261200,15-09-2022 13:00,393,409,201,177,35,20
1663264800,15-09-2022 14:00,389,403,204,207,44,28
1663268400,15-09-2022 15:00,337,405,201,212,51,38
1663272000,15-09-2022 16:00,281,420,200,211,53,45
1663275600,15-09-2022 17:00,219,438,209,225,56,49
1663279200,15-09-2022 18:00,153,480,210,233,58,50
1663282800,15-09-2022 19:00,157,766,361,332,84,76
1663286400,15-09-2022 20:00,105,694,343,307,79,75
1663290000,15-09-2022 21:00,102,537,283,307,76,75
1663293600,15-09-2022 22:00,135,345,194,312,77,71
1663297200,15-09-2022 23:00,174,197,113,322,78,71
1663300800,16-09-2022 00:00,222,118,69,383,88,79
1663304400,16-09-2022 01:00,279,85,44,402,89,77
1663308000,16-09-2022 02:00,319,77,31,382,98,83
1663311600,16-09-2022 03:00,349,93,29,304,93,94
1663315200,16-09-2022 04:00,373,134,39,217,75,96
1663318800,16-09-2022 05:00,370,217,72,139,57,85
1663322400,16-09-2022 06:00,382,324,112,90,39,66
1663326000,16-09-2022 07:00,372,406,157,65,26,49
1663329600,16-09-2022 08:00,366,440,180,51,18,34
1663333200,16-09-2022 09:00,363,455,191,52,13,25
1663336800,16-09-2022 10:00,359,469,194,69,13,20
1663340400,16-09-2022 11:00,393,481,209,120,16,18
1663344000,16-09-2022 12:00,410,470,219,170,26,17
1663347600,16-09-2022 13:00,448,462,218,217,38,23
1663351200,16-09-2022 14:00,474,443,217,238,49,34
1663354800,16-09-2022 15:00,387,445,211,246,58,45
1663358400,16-09-2022 16:00,323,464,210,245,67,54
1663362000,16-09-2022 17:00,435,485,211,258,66,57
1663365600,16-09-2022 18:00,190,536,217,258,69,57
1663369200,16-09-2022 19:00,127,622,268,258,73,60
1663372800,16-09-2022 20:00,94,590,292,255,70,63
1663376400,16-09-2022 21:00,92,494,259,251,70,63
1663380000,16-09-2022 22:00,107,325,187,260,73,63
1663383600,16-09-2022 23:00,140,206,122,266,74,64
1663387200,17-09-2022 00:00,176,126,73,300,79,63
1663390800,17-09-2022 01:00,222,85,45,337,86,69
1663394400,17-09-2022 02:00,261,69,32,324,91,73
1663398000,17-09-2022 03:00,296,69,27,278,91,81
1663401600,17-09-2022 04:00,322,89,31,212,81,85
1663405200,17-09-2022 05:00,337,138,50,142,60,81
1663408800,17-09-2022 06:00,345,217,87,93,41,65
1663412400,17-09-2022 07:00,354,298,127,67,26,47
1663416000,17-09-2022 08:00,346,361,158,49,17,34
1663419600,17-09-2022 09:00,350,391,174,43,13,27
1663423200,17-09-2022 10:00,361,409,183,53,11,20
1663426800,17-09-2022 11:00,367,423,196,83,13,17
1663430400,17-09-2022 12:00,395,435,216,128,20,16
1663434000,17-09-2022 13:00,410,432,214,168,33,19
1663437600,17-09-2022 14:00,417,440,213,204,46,29
1663441200,17-09-2022 15:00,374,445,208,217,53,41
1663444800,17-09-2022 16:00,322,473,212,238,61,50
1663448400,17-09-2022 17:00,255,510,216,244,64,53
1663452000,17-09-2022 18:00,192,533,221,245,68,55
1663455600,17-09-2022 19:00,134,595,251,251,71,56
1663459200,17-09-2022 20:00,95,606,269,257,71,61
1663462800,17-09-2022 21:00,88,500,258,258,72,63
1663466400,17-09-2022 22:00,108,346,197,259,72,61
1663470000,17-09-2022 23:00,138,220,125,275,74,63
1663473600,18-09-2022 00:00,177,134,77,301,76,66
1663477200,18-09-2022 01:00,215,86,47,332,85,70
1663480800,18-09-2022 02:00,260,69,32,328,89,73
1663484400,18-09-2022 03:00,294,69,25,288,89,82
1663488000,18-09-2022 04:00,326,86,28,219,85,86
1663491600,18-09-2022 05:00,356,130,43,155,62,80
1663495200,18-09-2022 06:00,369,207,76,102,42,66
1663498800,18-09-2022 07:00,385,299,118,69,28,50
1663502400,18-09-2022 08:00,367,375,155,51,20,37
1663506000,18-09-2022 09:00,368,419,181,43,14,27
1663509600,18-09-2022 10:00,381,443,200,48,11,20
1663513200,18-09-2022 11:00,416,460,208,73,12,15
1663516800,18-09-2022 12:00,424,480,228,124,18,15
1663520400,18-09-2022 13:00,433,475,234,171,30,18
1663524000,18-09-2022 14:00,456,483,230,201,42,25
1663527600,18-09-2022 15:00,397,497,231,225,53,39
1663531200,18-09-2022 16:00,326,522,236,238,59,48
1663534800,18-09-2022 17:00,254,539,240,257,65,54
1663538400,18-09-2022 18:00,179,573,238,266,72,57
1663542000,18-09-2022 19:00,123,606,288,276,74,61
1663545600,18-09-2022 20:00,88,566,277,267,72,60
1663549200,18-09-2022 21:00,82,450,248,270,75,65
1663552800,18-09-2022 22:00,100,294,166,288,79,65
1663556400,18-09-2022 23:00,140,179,97,291,79,66
1663560000,19-09-2022 00:00,183,105,56,317,82,66
1663563600,19-09-2022 01:00,251,76,35,352,91,71
1663567200,19-09-2022 02:00,301,67,25,333,98,77
1663570800,19-09-2022 03:00,326,79,23,279,98,88
1663574400,19-09-2022 04:00,344,112,30,198,77,84
1663578000,19-09-2022 05:00,353,174,57,131,55,76
1663581600,19-09-2022 06:00,370,269,91,82,35,62
1663585200,19-09-2022 07:00,375,343,132,58,22,44
1663588800,19-09-2022 08:00,365,392,157,46,15,34
1663592400,19-09-2022 09:00,368,431,174,44,11,26
1663596000,19-09-2022 10:00,375,450,182,62,11,19
1663599600,19-09-2022 11:00,439,496,208,107,16,17
1663603200,19-09-2022 12:00,455,571,219,168,26,20
1663606800,19-09-2022 13:00,465,524,217,205,41,22
1663610400,19-09-2022 14:00,454,493,214,234,50,30
1663614000,19-09-2022 15:00,397,539,214,251,61,41
1663617600,19-09-2022 16:00,311,526,219,255,66,51
1663621200,19-09-2022 17:00,238,517,217,260,64,53
1663624800,19-09-2022 18:00,166,547,224,261,67,56
1663628400,19-09-2022 19:00,112,592,268,259,68,57
1663632000,19-09-2022 20:00,81,572,279,263,69,62
1663635600,19-09-2022 21:00,77,436,245,265,72,64
1663639200,19-09-2022 22:00,101,278,163,271,73,62
1663642800,19-09-2022 23:00,134,162,92,290,77,63
1663646400,20-09-2022 00:00,185,99,54,330,85,65
1663650000,20-09-2022 01:00,237,71,34,370,94,69
1663653600,20-09-2022 02:00,278,63,25,353,105,78
1663657200,20-09-2022 03:00,307,76,24,268,94,81
1663660800,20-09-2022 04:00,332,112,31,187,73,84
1663664400,20-09-2022 05:00,329,174,59,118,50,75
1663668000,20-09-2022 06:00,346,269,93,76,30,59
1663671600,20-09-2022 07:00,345,336,134,54,19,41
1663675200,20-09-2022 08:00,329,366,153,43,13,30
1663678800,20-09-2022 09:00,323,391,167,44,10,22
1663682400,20-09-2022 10:00,325,405,174,60,11,18
1663686000,20-09-2022 11:00,371,428,209,100,15,15
1663689600,20-09-2022 12:00,407,432,190,148,23,15
1663693200,20-09-2022 13:00,425,426,202,185,37,20
1663696800,20-09-2022 14:00,428,428,206,222,49,29
1663700400,20-09-2022 15:00,354,428,203,223,59,38
1663704000,20-09-2022 16:00,292,440,198,227,60,48
1663707600,20-09-2022 17:00,223,469,206,242,62,50
1663711200,20-09-2022 18:00,158,503,215,246,62,52
1663714800,20-09-2022 19:00,109,533,271,244,64,53
1663718400,20-09-2022 20:00,78,513,287,246,65,58
1663722000,20-09-2022 21:00,75,397,232,245,68,58
1663725600,20-09-2022 22:00,97,261,152,247,71,59
1663729200,20-09-2022 23:00,134,154,88,269,74,60
1663732800,21-09-2022 00:00,174,96,51,308,77,60
1663736400,21-09-2022 01:00,230,68,33,335,86,63
1663740000,21-09-2022 02:00,264,63,25,319,93,69
1663743600,21-09-2022 03:00,298,75,24,270,92,78
1663747200,21-09-2022 04:00,318,114,31,183,75,80
1663750800,21-09-2022 05:00,318,174,58,116,50,74
1663754400,21-09-2022 06:00,341,262,93,76,30,56
1663758000,21-09-2022 07:00,339,352,131,54,18,40
1663761600,21-09-2022 08:00,333,383,155,42,13,29
1663765200,21-09-2022 09:00,331,399,183,44,10,26
1663768800,21-09-2022 10:00,327,410,184,61,10,18
1663772400,21-09-2022 11:00,355,419,200,100,14,14
1663776000,21-09-2022 12:00,393,422,206,145,24,16
1663779600,21-09-2022 13:00,401,415,212,182,38,19
1663783200,21-09-2022 14:00,414,411,219,210,48,27
1663786800,21-09-2022 15:00,350,414,214,219,56,37
1663790400,21-09-2022 16:00,288,425,207,225,59,46
1663794000,21-09-2022 17:00,222,443,214,237,61,50
1663797600,21-09-2022 18:00,158,473,221,238,61,51
1663801200,21-09-2022 19:00,104,514,261,238,62,54
1663804800,21-09-2022 20:00,76,493,278,241,64,55
1663808400,21-09-2022 21:00,74,370,248,245,66,57
1663812000,21-09-2022 22:00,100,246,164,246,68,57
1663815600,21-09-2022 23:00,131,150,89,265,72,56
1663819200,22-09-2022 00:00,171,93,52,299,77,58
1663822800,22-09-2022 01:00,228,67,33,340,87,64
1663826400,22-09-2022 02:00,264,63,24,319,92,69
1663830000,22-09-2022 03:00,288,73,24,263,93,76
1663833600,22-09-2022 04:00,313,106,33,184,73,80
1663837200,22-09-2022 05:00,312,167,60,119,49,73
1663840800,22-09-2022 06:00,325,248,95,77,32,56
1663844400,22-09-2022 07:00,327,321,135,54,24,41
1663848000,22-09-2022 08:00,313,355,158,43,14,30
1663851600,22-09-2022 09:00,312,380,171,42,11,23
1663855200,22-09-2022 10:00,309,388,176,60,11,17
1663858800,22-09-2022 11:00,333,401,185,102,15,14
1663862400,22-09-2022 12:00,361,409,190,149,24,14
1663866000,22-09-2022 13:00,374,392,198,186,37,22
1663869600,22-09-2022 14:00,383,381,203,213,48,29
1663873200,22-09-2022 15:00,337,385,198,224,54,38
1663876800,22-09-2022 16:00,282,397,196,226,58,46
1663880400,22-09-2022 17:00,218,415,211,241,60,49
1663884000,22-09-2022 18:00,158,450,207,243,61,52
1663887600,22-09-2022 19:00,152,716,337,339,87,77
1663891200,22-09-2022 20:00,108,678,341,325,85,77
1663894800,22-09-2022 21:00,104,536,288,316,85,76
1663898400,22-09-2022 22:00,130,352,186,324,87,72
1663902000,22-09-2022 23:00,181,205,107,344,90,75
1663905600,23-09-2022 00:00,245,121,65,401,100,80
1663909200,23-09-2022 01:00,301,88,39,434,107,83
1663912800,23-09-2022 02:00,339,78,30,415,119,89
1663916400,23-09-2022 03:00,369,95,27,325,111,99
1663920000,23-09-2022 04:00,390,136,38,225,90,101
1663923600,23-09-2022 05:00,390,219,70,145,60,94
1663927200,23-09-2022 06:00,399,329,111,92,38,73
1663930800,23-09-2022 07:00,405,416,157,64,23,50
1663934400,23-09-2022 08:00,388,446,182,52,16,37
1663938000,23-09-2022 09:00,384,463,193,53,12,27
1663941600,23-09-2022 10:00,409,462,196,72,12,22
1663945200,23-09-2022 11:00,464,480,213,121,18,18
1663948800,23-09-2022 12:00,447,472,218,178,29,18
1663952400,23-09-2022 13:00,458,438,214,217,45,23
1663956000,23-09-2022 14:00,453,429,217,239,55,34
1663959600,23-09-2022 15:00,393,427,210,243,62,45
1663963200,23-09-2022 16:00,327,445,206,250,65,55
1663966800,23-09-2022 17:00,248,466,216,256,67,58
1663970400,23-09-2022 18:00,192,535,224,267,70,61
1663974000,23-09-2022 19:00,132,606,275,269,69,61
1663977600,23-09-2022 20:00,96,569,282,262,69,63
1663981200,23-09-2022 21:00,90,511,261,263,69,67
1663984800,23-09-2022 22:00,106,347,195,264,73,66
1663988400,23-09-2022 23:00,146,216,116,277,72,67
1663992000,24-09-2022 00:00,190,139,78,323,76,70
1663995600,24-09-2022 01:00,245,93,45,356,86,76
1663999200,24-09-2022 02:00,280,75,33,347,93,79
1664002800,24-09-2022 03:00,312,75,26,297,93,92
1664006400,24-09-2022 04:00,355,98,32,225,81,94
1664010000,24-09-2022 05:00,365,148,49,151,61,90
1664013600,24-09-2022 06:00,377,227,86,100,41,72
1664017200,24-09-2022 07:00,392,312,129,68,26,55
1664020800,24-09-2022 08:00,366,372,162,51,17,38
1664024400,24-09-2022 09:00,369,398,180,47,12,29
1664028000,24-09-2022 10:00,375,423,191,54,11,22
1664031600,24-09-2022 11:00,399,428,203,87,13,18
1664035200,24-09-2022 12:00,413,448,223,136,20,17
1664038800,24-09-2022 13:00,434,446,227,178,34,20
1664042400,24-09-2022 14:00,421,447,223,209,48,31
1664046000,24-09-2022 15:00,398,438,221,225,54,43
1664049600,24-09-2022 16:00,324,456,218,243,60,52
1664053200,24-09-2022 17:00,260,481,227,247,65,56
1664056800,24-09-2022 18:00,198,564,232,259,68,60
1664060400,24-09-2022 19:00,137,603,264,261,69,63
1664064000,24-09-2022 20:00,95,620,275,264,71,65
1664067600,24-09-2022 21:00,85,522,264,268,71,65
1664071200,24-09-2022 22:00,101,381,206,274,74,68
1664074800,24-09-2022 23:00,132,238,126,284,78,71
1664078400,25-09-2022 00:00,176,144,75,320,77,73
1664082000,25-09-2022 01:00,211,95,48,356,87,74
1664085600,25-09-2022 02:00,250,73,32,367,93,78
1664089200,25-09-2022 03:00,289,69,26,301,94,88
1664092800,25-09-2022 04:00,327,86,27,232,81,91
1664096400,25-09-2022 05:00,339,133,43,159,63,88
1664100000,25-09-2022 06:00,356,217,74,107,42,74
1664103600,25-09-2022 07:00,368,311,124,72,27,54
1664107200,25-09-2022 08:00,374,399,165,54,18,42
1664110800,25-09-2022 09:00,380,440,193,45,14,29
1664114400,25-09-2022 10:00,391,459,208,50,10,21
1664118000,25-09-2022 11:00,429,482,219,72,12,16
1664121600,25-09-2022 12:00,443,493,237,124,18,15
1664125200,25-09-2022 13:00,462,471,240,176,30,19
1664128800,25-09-2022 14:00,435,481,241,213,45,27
1664132400,25-09-2022 15:00,405,498,241,238,52,42
1664136000,25-09-2022 16:00,317,506,244,251,59,51
1664139600,25-09-2022 17:00,233,544,254,277,67,58
1664143200,25-09-2022 18:00,172,580,264,289,71,60
1664146800,25-09-2022 19:00,121,625,321,293,74,61
1664150400,25-09-2022 20:00,85,595,309,288,74,64
1664154000,25-09-2022 21:00,82,490,264,310,79,74
1664157600,25-09-2022 22:00,105,313,181,313,79,72
1664161200,25-09-2022 23:00,137,185,105,333,81,70
1664164800,26-09-2022 00:00,171,114,61,366,88,80
1664168400,26-09-2022 01:00,234,79,39,399,95,79
1664172000,26-09-2022 02:00,277,67,27,355,102,81
1664175600,26-09-2022 03:00,310,84,23,294,94,91
1664179200,26-09-2022 04:00,331,116,33,204,78,92
1664182800,26-09-2022 05:00,333,181,60,135,54,81
1664186400,26-09-2022 06:00,345,272,96,91,36,66
1664190000,26-09-2022 07:00,346,355,138,59,22,46
1664193600,26-09-2022 08:00,347,398,171,48,15,34
1664197200,26-09-2022 09:00,333,428,185,49,11,27
1664200800,26-09-2022 10:00,338,441,191,62,11,18
1664204400,26-09-2022 11:00,369,462,207,106,15,15
1664208000,26-09-2022 12:00,404,473,212,162,23,16
1664211600,26-09-2022 13:00,426,451,211,200,39,20
1664215200,26-09-2022 14:00,419,444,221,234,49,30
1664218800,26-09-2022 15:00,366,449,216,246,58,41
1664222400,26-09-2022 16:00,291,466,216,250,61,51
1664226000,26-09-2022 17:00,228,490,226,263,64,55
1664229600,26-09-2022 18:00,159,534,241,274,65,59
1664233200,26-09-2022 19:00,109,570,293,266,68,58
1664236800,26-09-2022 20:00,78,515,298,268,68,62
1664240400,26-09-2022 21:00,77,436,255,264,70,64
1664244000,26-09-2022 22:00,100,280,157,269,70,62
1664247600,26-09-2022 23:00,137,168,94,294,73,63
1664251200,27-09-2022 00:00,176,104,54,337,81,66
1664254800,27-09-2022 01:00,235,73,34,369,91,69
1664258400,27-09-2022 02:00,268,67,25,337,95,71
1664262000,27-09-2022 03:00,307,78,23,276,95,85
1664265600,27-09-2022 04:00,328,113,32,191,74,86
1664269200,27-09-2022 05:00,323,181,59,119,50,74
1664272800,27-09-2022 06:00,349,277,93,78,30,60
1664276400,27-09-2022 07:00,345,352,135,56,19,42
1664280000,27-09-2022 08:00,336,385,159,46,13,30
1664283600,27-09-2022 09:00,328,410,175,44,10,22
1664287200,27-09-2022 10:00,336,422,176,63,10,18
1664290800,27-09-2022 11:00,360,439,188,104,15,15
1664294400,27-09-2022 12:00,407,439,197,152,24,15
1664298000,27-09-2022 13:00,416,426,200,191,37,20
1664301600,27-09-2022 14:00,421,439,207,220,47,28
1664305200,27-09-2022 15:00,361,434,203,225,54,37
1664308800,27-09-2022 16:00,290,448,203,233,56,48
1664312400,27-09-2022 17:00,221,470,209,245,61,51
1664316000,27-09-2022 18:00,157,531,223,248,61,54
1664319600,27-09-2022 19:00,110,545,263,247,64,55
1664323200,27-09-2022 20:00,79,515,284,255,63,59
1664326800,27-09-2022 21:00,75,438,238,248,66,61
1664330400,27-09-2022 22:00,100,283,153,257,69,60
1664334000,27-09-2022 23:00,134,167,88,282,71,59
1664337600,28-09-2022 00:00,179,103,52,319,78,61
1664341200,28-09-2022 01:00,232,74,34,351,88,64
1664344800,28-09-2022 02:00,271,64,24,336,96,69
1664348400,28-09-2022 03:00,300,82,23,276,92,79
1664352000,28-09-2022 04:00,316,113,31,188,73,85
1664355600,28-09-2022 05:00,318,179,57,120,49,74
1664359200,28-09-2022 06:00,331,263,91,78,30,58
1664362800,28-09-2022 07:00,338,336,130,53,20,41
1664366400,28-09-2022 08:00,328,371,158,42,12,29
1664370000,28-09-2022 09:00,323,392,172,43,10,22
1664373600,28-09-2022 10:00,335,409,176,61,10,16
1664377200,28-09-2022 11:00,349,414,187,103,15,14
1664380800,28-09-2022 12:00,402,427,197,150,24,15
1664384400,28-09-2022 13:00,404,409,200,188,38,20
1664388000,28-09-2022 14:00,391,407,207,216,48,30
1664391600,28-09-2022 15:00,344,410,205,224,54,39
1664395200,28-09-2022 16:00,275,427,201,232,58,46
1664398800,28-09-2022 17:00,218,451,205,238,60,51
1664402400,28-09-2022 18:00,150,483,217,250,61,53
1664406000,28-09-2022 19:00,104,531,288,246,63,55
1664409600,28-09-2022 20:00,77,504,296,247,64,57
1664413200,28-09-2022 21:00,76,411,257,249,68,61
1664416800,28-09-2022 22:00,100,277,169,262,70,59
1664420400,28-09-2022 23:00,136,164,97,280,73,61
1664424000,29-09-2022 00:00,172,100,55,313,76,63
1664427600,29-09-2022 01:00,231,70,34,351,86,66
1664431200,29-09-2022 02:00,265,64,25,340,99,76
1664434800,29-09-2022 03:00,292,75,24,271,95,85
1664438400,29-09-2022 04:00,309,107,35,189,73,83
1664442000,29-09-2022 05:00,312,173,63,121,49,77
1664445600,29-09-2022 06:00,325,265,100,79,31,61
1664449200,29-09-2022 07:00,323,335,144,56,19,42
1664452800,29-09-2022 08:00,309,371,167,45,13,31
1664456400,29-09-2022 09:00,312,391,180,45,10,23
1664460000,29-09-2022 10:00,317,394,176,64,10,17
1664463600,29-09-2022 11:00,336,413,188,105,15,15
1664467200,29-09-2022 12:00,369,417,195,153,25,15
1664470800,29-09-2022 13:00,379,402,197,190,39,22
1664474400,29-09-2022 14:00,382,394,214,218,50,31
1664478000,29-09-2022 15:00,337,405,211,229,56,41
1664481600,29-09-2022 16:00,276,423,211,232,57,51
1664485200,29-09-2022 17:00,214,457,220,241,61,54
1664488800,29-09-2022 18:00,154,496,226,252,62,58
1664492400,29-09-2022 19:00,146,756,354,335,86,79
1664496000,29-09-2022 20:00,106,716,366,323,81,81
1664499600,29-09-2022 21:00,107,552,299,318,84,81
1664503200,29-09-2022 22:00,141,370,197,320,87,79
1664506800,29-09-2022 23:00,186,215,114,344,90,80
1664510400,30-09-2022 00:00,239,130,65,399,95,83
1664514000,30-09-2022 01:00,283,88,41,428,106,85
1664517600,30-09-2022 02:00,311,80,31,459,125,97
1664521200,30-09-2022 03:00,351,91,28,366,116,112
1664524800,30-09-2022 04:00,369,132,40,230,87,106
1664528400,30-09-2022 05:00,362,213,72,152,58,95
1664532000,30-09-2022 06:00,373,318,111,96,36,75
1664535600,30-09-2022 07:00,369,402,160,65,24,54
1664539200,30-09-2022 08:00,388,440,180,52,16,39
1664542800,30-09-2022 09:00,370,458,195,52,12,28
1664546400,30-09-2022 10:00,378,466,198,70,12,21
1664550000,30-09-2022 11:00,406,469,212,121,17,17
1664553600,30-09-2022 12:00,423,469,218,176,29,18
1664557200,30-09-2022 13:00,460,502,223,217,42,24
1664560800,30-09-2022 14:00,437,446,223,243,55,35
1664564400,30-09-2022 15:00,381,443,213,250,59,45
1664568000,30-09-2022 16:00,326,470,212,256,65,58
1664571600,30-09-2022 17:00,253,493,214,264,65,63
