timestamp,datetime,ap-southeast-2,eu-central-1,eu-west-3,us-east-1,us-east-2,us-west-1
1660251600,11/8/22 17:00,5566,9915,3860,5396,1332,1065
1660255200,11/8/22 18:00,3820,10781,4001,5489,1420,1124
1660258800,11/8/22 19:00,2755,11983,4473,5627,1386,1187
1660262400,11/8/22 20:00,1996,12271,4779,5716,1422,1243
1660266000,11/8/22 21:00,1938,10810,4652,5775,1483,1330
1660269600,11/8/22 22:00,2379,7659,3657,5948,1452,1359
1660273200,11/8/22 23:00,3320,4884,2393,6222,1511,1324
1660276800,12/8/22 0:00,4060,3119,1521,6880,1616,1378
1660280400,12/8/22 1:00,5311,2254,1024,7787,1842,1480
1660284000,12/8/22 2:00,6437,1892,663,7560,1880,1546
1660287600,12/8/22 3:00,6925,1844,558,6356,1946,1669
1660291200,12/8/22 4:00,7487,2480,603,4785,1800,1756
1660294800,12/8/22 5:00,7838,3878,974,3161,1313,1741
1660298400,12/8/22 6:00,7988,5925,1667,2068,910,1435
1660302000,12/8/22 7:00,8232,7745,2393,1443,580,1086
1660305600,12/8/22 8:00,8139,8962,3129,1126,409,787
1660309200,12/8/22 9:00,7749,9585,3465,1114,325,594
1660312800,12/8/22 10:00,8102,9838,3652,1487,291,489
1660316400,12/8/22 11:00,9222,10172,3860,2463,381,379
1660320000,12/8/22 12:00,9547,10416,4158,3528,562,411
1660323600,12/8/22 13:00,9536,10269,4189,4351,854,472
1660327200,12/8/22 14:00,9441,9959,4247,4948,1050,774
1660330800,12/8/22 15:00,8775,9943,4095,5127,1211,921
1660334400,12/8/22 16:00,7168,9627,4644,5323,1302,1115
1660338000,12/8/22 17:00,5764,9921,4502,5586,1373,1171
1660341600,12/8/22 18:00,4170,11048,4760,5705,1434,1217
1660345200,12/8/22 19:00,3004,12515,5314,5931,1522,1320
1660348800,12/8/22 20:00,2236,12330,5843,5798,1500,1331
1660352400,12/8/22 21:00,2053,10988,5663,5593,1504,1383
1660356000,12/8/22 22:00,2353,8161,4336,5753,1538,1423
1660359600,12/8/22 23:00,3290,5288,2955,6014,1529,1360
1660363200,13-08-2022 00:00,4222,3294,1918,6590,1639,1460
1660366800,13-08-2022 01:00,5469,2255,1234,7147,1758,1489
1660370400,13-08-2022 02:00,6472,1811,833,7203,1850,1587
1660374000,13-08-2022 03:00,6767,1757,705,6373,1981,1640
1660377600,13-08-2022 04:00,7692,2163,716,4759,1775,1717
1660381200,13-08-2022 05:00,8097,3241,1112,3288,1349,1695
1660384800,13-08-2022 06:00,8268,4979,1810,2258,981,1456
1660388400,13-08-2022 07:00,8421,6465,2630,1566,644,1120
1660392000,13-08-2022 08:00,8322,7745,3255,1164,485,833
1660395600,13-08-2022 09:00,8266,8356,3705,986,328,616
1660399200,13-08-2022 10:00,8122,8790,4336,1172,288,456
1660402800,13-08-2022 11:00,8243,9284,4411,1893,316,395
1660406400,13-08-2022 12:00,8872,9438,4794,3062,505,368
1660410000,13-08-2022 13:00,9381,9398,4662,3826,759,443
1660413600,13-08-2022 14:00,9148,9435,4721,4416,995,652
1660417200,13-08-2022 15:00,8836,9405,4646,4781,1186,861
1660420800,13-08-2022 16:00,7554,9423,4542,4977,1289,1033
1660424400,13-08-2022 17:00,5766,8675,4461,5040,1314,1166
1660428000,13-08-2022 18:00,4417,10899,4747,5447,1451,1221
1660431600,13-08-2022 19:00,3155,12223,5255,5426,1445,1261
1660435200,13-08-2022 20:00,2281,12227,5543,5516,1494,1280
1660438800,13-08-2022 21:00,2052,10864,5405,5671,1520,1336
1660442400,13-08-2022 22:00,2458,8137,4357,5720,1530,1355
1660446000,13-08-2022 23:00,3267,5273,2935,5986,1604,1418
1660449600,14-08-2022 00:00,4041,3411,1945,6617,1689,1457
1660453200,14-08-2022 01:00,5383,2245,1238,7048,1761,1486
1660456800,14-08-2022 02:00,6009,1764,837,7183,1880,1565
1660460400,14-08-2022 03:00,6794,1678,671,6397,1951,1644
1660464000,14-08-2022 04:00,8101,2039,674,5040,1840,1757
1660467600,14-08-2022 05:00,8225,3071,981,3485,1399,1706
1660471200,14-08-2022 06:00,8543,4726,1684,2389,1037,1493
1660474800,14-08-2022 07:00,8795,6545,2590,1708,702,1181
1660478400,14-08-2022 08:00,8394,8146,3335,1193,472,884
1660482000,14-08-2022 09:00,8168,8751,3826,1000,356,648
1660485600,14-08-2022 10:00,8549,9628,4259,1088,304,505
1660489200,14-08-2022 11:00,8902,9875,4571,1620,298,362
1660492800,14-08-2022 12:00,9949,10025,4856,2658,437,354
1660496400,14-08-2022 13:00,10176,10128,4921,3754,712,400
1660500000,14-08-2022 14:00,10020,10163,5035,4506,1018,605
1660503600,14-08-2022 15:00,9091,10324,4982,5004,1212,856
1660507200,14-08-2022 16:00,7481,10553,5136,5349,1307,1060
1660510800,14-08-2022 17:00,5958,10356,4905,5475,1380,1141
1660514400,14-08-2022 18:00,4433,11276,5078,5731,1492,1238
1660518000,14-08-2022 19:00,3161,12515,5682,5945,1583,1318
1660521600,14-08-2022 20:00,2266,12587,6049,6338,1630,1431
1660525200,14-08-2022 21:00,2077,10950,5629,6286,1712,1448
1660528800,14-08-2022 22:00,2443,7568,4470,6376,1695,1479
1660532400,14-08-2022 23:00,3302,4683,2884,6825,1802,1522
1660536000,15-08-2022 00:00,4233,2943,1854,7225,1788,1500
1660539600,15-08-2022 01:00,5440,2073,1184,7728,1856,1559
1660543200,15-08-2022 02:00,6721,1706,830,7644,2083,1666
1660546800,15-08-2022 03:00,7283,1708,645,6378,2062,1707
1660550400,15-08-2022 04:00,7795,2272,704,4673,1785,1806
1660554000,15-08-2022 05:00,8013,3518,1057,3184,1348,1737
1660557600,15-08-2022 06:00,8319,5235,1807,2128,867,1380
1660561200,15-08-2022 07:00,8729,6938,2710,1466,600,1040
1660564800,15-08-2022 08:00,8461,8116,3461,1136,412,752
1660568400,15-08-2022 09:00,8167,8885,3907,1052,318,582
1660572000,15-08-2022 10:00,8203,9408,4082,1325,300,439
1660575600,15-08-2022 11:00,8813,9639,4301,2082,333,385
1660579200,15-08-2022 12:00,9237,9852,4730,3070,549,366
1660582800,15-08-2022 13:00,9656,9875,4808,3913,755,439
1660586400,15-08-2022 14:00,9888,9806,4897,4763,1005,660
1660590000,15-08-2022 15:00,8627,9757,4856,5176,1185,888
1660593600,15-08-2022 16:00,7311,9647,4918,5393,1319,1027
1660597200,15-08-2022 17:00,5769,10174,4984,5684,1358,1087
1660600800,15-08-2022 18:00,4038,10921,4975,5949,1427,1182
1660604400,15-08-2022 19:00,2816,12409,5617,5999,1430,1253
1660608000,15-08-2022 20:00,2068,13042,5918,6050,1475,1302
1660611600,15-08-2022 21:00,1953,10397,5533,5960,1493,1339
1660615200,15-08-2022 22:00,2401,7170,4342,6116,1501,1362
1660618800,15-08-2022 23:00,3477,4345,2718,6390,1500,1342
1660622400,16-08-2022 00:00,4221,2786,1747,7050,1589,1385
1660626000,16-08-2022 01:00,5392,1926,1106,7704,1742,1412
1660629600,16-08-2022 02:00,6452,1616,769,7405,1864,1536
1660633200,16-08-2022 03:00,7114,1682,638,6276,1987,1652
1660636800,16-08-2022 04:00,8017,2271,716,4521,1655,1713
1660640400,16-08-2022 05:00,8182,3787,1174,3191,1271,1669
1660644000,16-08-2022 06:00,8290,5403,1919,1937,842,1351
1660647600,16-08-2022 07:00,8763,7049,2734,1391,546,1039
1660651200,16-08-2022 08:00,8343,8007,3325,1127,367,732
1660654800,16-08-2022 09:00,8013,8629,3744,1040,293,557
1660658400,16-08-2022 10:00,8016,9099,4079,1441,313,465
1660662000,16-08-2022 11:00,8853,9491,4271,2370,363,383
1660665600,16-08-2022 12:00,9251,9516,4584,3341,535,358
1660669200,16-08-2022 13:00,9565,9683,4661,4222,762,441
1660672800,16-08-2022 14:00,9359,9465,4696,4892,1010,660
1660676400,16-08-2022 15:00,8535,9033,4583,5128,1172,860
1660680000,16-08-2022 16:00,7420,9357,4467,5149,1258,996
1660683600,16-08-2022 17:00,5674,9915,4535,5632,1366,1156
1660687200,16-08-2022 18:00,4024,10847,4700,5810,1471,1173
1660690800,16-08-2022 19:00,2765,12018,5212,5727,1430,1170
1660694400,16-08-2022 20:00,2055,12970,5988,5815,1452,1301
1660698000,16-08-2022 21:00,1902,10518,5593,5880,1488,1364
1660701600,16-08-2022 22:00,2340,7206,4197,5918,1443,1334
1660705200,16-08-2022 23:00,3238,4543,2773,6378,1509,1365
1660708800,17-08-2022 00:00,4119,2820,1736,7182,1631,1417
1660712400,17-08-2022 01:00,5119,1981,1099,7756,1786,1470
1660716000,17-08-2022 02:00,6232,1662,766,7708,1941,1561
1660719600,17-08-2022 03:00,6969,1757,670,6344,2034,1683
1660723200,17-08-2022 04:00,8007,2308,723,4558,1734,1782
1660726800,17-08-2022 05:00,7926,3701,1146,2986,1229,1662
1660730400,17-08-2022 06:00,8060,5438,1899,1964,860,1366
1660734000,17-08-2022 07:00,8373,6977,2807,1384,543,1007
1660737600,17-08-2022 08:00,8034,7984,3420,1075,396,717
1660741200,17-08-2022 09:00,8055,8800,3891,1042,296,552
1660744800,17-08-2022 10:00,7984,9017,4148,1389,290,435
1660748400,17-08-2022 11:00,8537,9489,4384,2302,338,365
1660752000,17-08-2022 12:00,9197,9459,4697,3365,565,357
1660755600,17-08-2022 13:00,9396,9520,4678,4241,857,463
1660759200,17-08-2022 14:00,9376,9230,4767,4851,1034,674
1660762800,17-08-2022 15:00,8296,9080,4640,5126,1155,827
1660766400,17-08-2022 16:00,7686,9100,4538,5199,1272,1015
1660770000,17-08-2022 17:00,5440,9640,4474,5487,1342,1087
1660773600,17-08-2022 18:00,3984,10338,4874,5536,1391,1103
1660777200,17-08-2022 19:00,2710,12075,6001,5729,1347,1164
1660780800,17-08-2022 20:00,1965,12097,6018,5867,1424,1304
1660784400,17-08-2022 21:00,1943,10404,5727,5775,1450,1296
1660788000,17-08-2022 22:00,2426,7208,4328,6001,1428,1315
1660791600,17-08-2022 23:00,3365,4534,3212,6450,1466,1335
1660795200,18-08-2022 00:00,4102,2827,1921,7035,1618,1372
1660798800,18-08-2022 01:00,5389,2009,1216,7559,1712,1379
1660802400,18-08-2022 02:00,6469,1630,842,7630,1875,1499
1660806000,18-08-2022 03:00,6935,1697,697,6385,1939,1603
1660809600,18-08-2022 04:00,7801,2305,773,4371,1667,1695
1660813200,18-08-2022 05:00,7614,3576,1253,2917,1204,1582
1660816800,18-08-2022 06:00,7919,5414,2174,1909,830,1266
1660820400,18-08-2022 07:00,8059,6937,3148,1348,550,975
1660824000,18-08-2022 08:00,8891,7996,3836,1095,406,717
1660827600,18-08-2022 09:00,7766,8600,4332,1025,331,549
1660831200,18-08-2022 10:00,7513,8981,4480,1372,264,427
1660834800,18-08-2022 11:00,8219,9537,4832,2295,373,357
1660838400,18-08-2022 12:00,8934,9428,5183,3310,541,352
1660842000,18-08-2022 13:00,9120,9341,5069,4160,836,439
1660845600,18-08-2022 14:00,8902,9058,5081,4856,992,642
1660849200,18-08-2022 15:00,8124,9082,4909,5046,1226,872
1660852800,18-08-2022 16:00,6815,8931,4789,5222,1278,1016
1660856400,18-08-2022 17:00,5303,9405,4787,5572,1374,1166
1660860000,18-08-2022 18:00,3884,10136,4890,5598,1414,1177
1660863600,18-08-2022 19:00,3853,16781,7719,7984,1980,1772
1660867200,18-08-2022 20:00,2766,16543,7963,7762,1912,1798
1660870800,18-08-2022 21:00,2751,14049,7561,7595,1959,1757
1660874400,18-08-2022 22:00,3212,9544,5520,7794,1956,1758
1660878000,18-08-2022 23:00,3161,4746,3051,6450,1550,1400
1660881600,19-08-2022 00:00,5608,3619,2189,9556,2190,1939
1660885200,19-08-2022 01:00,6769,2500,1398,9804,2371,1971
1660888800,19-08-2022 02:00,7986,2029,974,9685,2563,2109
1660892400,19-08-2022 03:00,8506,2107,832,8042,2504,2189
1660896000,19-08-2022 04:00,9588,2888,935,5743,2210,2304
1660899600,19-08-2022 05:00,9415,4686,1434,3692,1538,2088
1660903200,19-08-2022 06:00,9510,6910,2501,2453,992,1653
1660906800,19-08-2022 07:00,9750,8910,3574,1673,640,1247
1660910400,19-08-2022 08:00,9565,10149,4381,1278,456,892
1660914000,19-08-2022 09:00,9318,10917,4833,1213,354,678
1660917600,19-08-2022 10:00,9335,11016,5048,1771,333,556
1660921200,19-08-2022 11:00,10149,11559,5436,2821,432,463
1660924800,19-08-2022 12:00,10848,11579,5704,4150,693,473
1660928400,19-08-2022 13:00,11396,11465,5733,5284,1009,585
1660932000,19-08-2022 14:00,11119,11286,5652,5938,1286,846
1660935600,19-08-2022 15:00,9640,11294,5428,5991,1437,1050
1660939200,19-08-2022 16:00,8147,11336,5283,6068,1500,1255
1660942800,19-08-2022 17:00,6593,11701,5320,6369,1594,1375
1660946400,19-08-2022 18:00,4913,12671,5517,6398,1642,1394
1660950000,19-08-2022 19:00,3445,14492,6450,6352,1610,1401
1660953600,19-08-2022 20:00,2536,14827,6862,6362,1632,1457
1660957200,19-08-2022 21:00,2325,12828,6584,6270,1665,1560
1660960800,19-08-2022 22:00,2694,9242,5047,6380,1674,1528
1660964400,19-08-2022 23:00,3683,5844,3368,6717,1711,1543
1660968000,20-08-2022 00:00,4696,3708,2137,7529,1854,1591
1660971600,20-08-2022 01:00,5669,2478,1321,8235,2007,1661
1660975200,20-08-2022 02:00,6625,1901,900,8228,2138,1749
1660978800,20-08-2022 03:00,7401,1805,736,7051,2201,1899
1660982400,20-08-2022 04:00,8496,2284,774,5355,1954,2007
1660986000,20-08-2022 05:00,8555,3527,1106,3610,1516,1940
1660989600,20-08-2022 06:00,9177,5429,1957,2437,1024,1590
1660993200,20-08-2022 07:00,9110,7373,2856,1630,684,1236
1660996800,20-08-2022 08:00,8990,8673,3592,1271,469,895
1661000400,20-08-2022 09:00,8928,9548,4127,1097,359,657
1661004000,20-08-2022 10:00,9400,9899,4387,1267,299,539
1661007600,20-08-2022 11:00,9678,10183,4754,2047,335,424
1661011200,20-08-2022 12:00,10304,10376,5248,3266,508,419
1661014800,20-08-2022 13:00,10329,10670,5257,4281,835,478
1661018400,20-08-2022 14:00,10305,10552,5141,5069,1118,719
1661022000,20-08-2022 15:00,9516,10519,5137,5460,1291,959
1661025600,20-08-2022 16:00,7999,10683,5044,5626,1438,1155
1661029200,20-08-2022 17:00,6570,11345,5127,5953,1511,1243
1661032800,20-08-2022 18:00,4855,12638,5319,6224,1569,1312
1661036400,20-08-2022 19:00,3385,14126,5862,6172,1619,1366
1661040000,20-08-2022 20:00,2440,14942,6642,6284,1656,1429
1661043600,20-08-2022 21:00,2217,13109,6841,6407,1694,1481
1661047200,20-08-2022 22:00,2606,9585,5089,6578,1752,1508
1661050800,20-08-2022 23:00,3408,5932,3416,6772,1687,1565
1661054400,21-08-2022 00:00,4613,3951,2233,7514,1830,1599
1661058000,21-08-2022 01:00,5399,2572,1416,8046,1977,1618
1661061600,21-08-2022 02:00,6604,1937,917,8165,2070,1760
1661065200,21-08-2022 03:00,7182,1904,745,7336,2208,1948
1661068800,21-08-2022 04:00,8233,2197,715,5488,1997,1919
1661072400,21-08-2022 05:00,8547,3341,1040,3920,1543,1908
1661076000,21-08-2022 06:00,9057,5203,1808,2637,1137,1615
1661079600,21-08-2022 07:00,9374,7327,2865,1878,764,1248
1661083200,21-08-2022 08:00,9073,8985,3721,1260,511,943
1661086800,21-08-2022 09:00,8894,9930,4257,1075,360,705
1661090400,21-08-2022 10:00,9334,10469,4627,1235,305,515
1661094000,21-08-2022 11:00,10025,10717,4958,1847,318,394
1661097600,21-08-2022 12:00,10602,11019,5387,2935,462,375
1661101200,21-08-2022 13:00,11631,11105,5479,4139,756,450
1661104800,21-08-2022 14:00,10818,11181,5601,5168,1057,643
1661108400,21-08-2022 15:00,9835,11371,5400,5677,1277,915
1661112000,21-08-2022 16:00,7749,11108,5424,5937,1466,1161
1661115600,21-08-2022 17:00,6166,11719,5553,6469,1566,1305
1661119200,21-08-2022 18:00,4459,12724,5616,6670,1635,1346
1661122800,21-08-2022 19:00,3024,14303,6354,6863,1713,1397
1661126400,21-08-2022 20:00,2201,13956,6705,6899,1711,1448
1661130000,21-08-2022 21:00,2031,11623,6308,7145,1725,1513
1661133600,21-08-2022 22:00,2509,7732,4634,7217,1823,1553
1661137200,21-08-2022 23:00,3370,4818,2924,7423,1852,1545
1661140800,22-08-2022 00:00,4229,2955,1817,8095,1933,1592
1661144400,22-08-2022 01:00,5497,2056,1160,8698,2109,1704
1661148000,22-08-2022 02:00,6892,1698,802,8227,2248,1779
1661151600,22-08-2022 03:00,7486,1784,676,7192,2246,1879
1661155200,22-08-2022 04:00,8447,2417,793,5170,1961,2009
1661158800,22-08-2022 05:00,8373,3772,1212,3419,1486,1931
1661162400,22-08-2022 06:00,8685,5609,1991,2186,970,1531
1661166000,22-08-2022 07:00,8821,7329,2906,1486,611,1108
1661169600,22-08-2022 08:00,8911,8519,3589,1182,443,813
1661173200,22-08-2022 09:00,8657,9441,4177,1146,326,679
1661176800,22-08-2022 10:00,8795,9838,4459,1491,319,476
1661180400,22-08-2022 11:00,9305,10327,4748,2580,408,383
1661184000,22-08-2022 12:00,10231,10266,5055,3809,612,384
1661187600,22-08-2022 13:00,10670,10384,5020,4721,921,491
1661191200,22-08-2022 14:00,10335,10130,5025,5343,1161,728
1661194800,22-08-2022 15:00,9060,9918,4935,5655,1303,915
1661198400,22-08-2022 16:00,7822,9956,4791,5766,1397,1109
1661202000,22-08-2022 17:00,5883,10384,4873,6146,1479,1215
1661205600,22-08-2022 18:00,4004,11549,4963,6190,1574,1261
1661209200,22-08-2022 19:00,2780,13008,5778,6326,1551,1315
1661212800,22-08-2022 20:00,2142,13342,6474,6349,1600,1391
1661216400,22-08-2022 21:00,2107,10695,5859,6373,1583,1436
1661220000,22-08-2022 22:00,2524,7320,4369,6536,1597,1430
1661223600,22-08-2022 23:00,3517,4483,2828,6979,1607,1472
1661227200,23-08-2022 00:00,4368,2813,1795,7667,1719,1427
1661230800,23-08-2022 01:00,5653,1982,1113,8437,1933,1502
1661234400,23-08-2022 02:00,6831,1691,786,8289,2181,1662
1661238000,23-08-2022 03:00,7551,1783,665,6771,2190,1787
1661241600,23-08-2022 04:00,8849,2410,760,4581,1835,1883
1661245200,23-08-2022 05:00,8411,3890,1209,3080,1300,1766
1661248800,23-08-2022 06:00,8710,5731,2031,1948,857,1432
1661252400,23-08-2022 07:00,8872,7465,3007,1401,545,1020
1661256000,23-08-2022 08:00,8788,8502,3632,1138,380,754
1661259600,23-08-2022 09:00,8452,9239,4222,1105,304,602
1661263200,23-08-2022 10:00,8599,9507,4389,1480,277,445
1661266800,23-08-2022 11:00,9254,10038,4611,2460,379,364
1661270400,23-08-2022 12:00,10176,10019,4966,3693,596,395
1661274000,23-08-2022 13:00,10281,9993,4961,4673,949,478
1661277600,23-08-2022 14:00,10322,9718,5056,5159,1114,714
1661281200,23-08-2022 15:00,9191,9590,4864,5450,1337,890
1661284800,23-08-2022 16:00,12440,9638,4776,5596,1425,1083
1661288400,23-08-2022 17:00,5803,10018,4761,5817,1469,1164
1661292000,23-08-2022 18:00,4179,10970,4869,5830,1535,1207
1661295600,23-08-2022 19:00,2864,12610,5650,6140,1539,1224
1661299200,23-08-2022 20:00,2068,13451,6872,6147,1558,1361
1661302800,23-08-2022 21:00,1991,10823,6293,6130,1584,1369
1661306400,23-08-2022 22:00,2510,7212,4575,6343,1596,1410
1661310000,23-08-2022 23:00,3537,4506,2792,6781,1649,1404
1661313600,24-08-2022 00:00,4270,2823,1753,7630,1744,1429
1661317200,24-08-2022 01:00,5598,1989,1138,8395,1964,1469
1661320800,24-08-2022 02:00,6774,1638,812,8051,2138,1643
1661324400,24-08-2022 03:00,7327,1751,634,6750,2186,1732
1661328000,24-08-2022 04:00,8117,2433,753,4705,1813,1879
1661331600,24-08-2022 05:00,7953,3781,1233,3032,1288,1732
1661335200,24-08-2022 06:00,8482,5531,2056,1928,852,1373
1661338800,24-08-2022 07:00,8636,7256,2886,1374,551,1001
1661342400,24-08-2022 08:00,8472,8361,3629,1074,390,773
1661346000,24-08-2022 09:00,8285,8922,4586,1089,303,557
1661349600,24-08-2022 10:00,8746,9401,4768,1471,297,427
1661353200,24-08-2022 11:00,9296,9651,5060,2502,366,373
1661356800,24-08-2022 12:00,9804,9731,5478,3514,602,374
1661360400,24-08-2022 13:00,10451,10023,5404,4708,925,496
1661364000,24-08-2022 14:00,10051,9688,5056,5139,1160,703
1661367600,24-08-2022 15:00,8898,9401,4893,5308,1349,898
1661371200,24-08-2022 16:00,7740,9358,4718,5707,1403,1057
1661374800,24-08-2022 17:00,6090,9787,4685,5769,1475,1160
1661378400,24-08-2022 18:00,4189,10682,4867,5776,1535,1196
1661382000,24-08-2022 19:00,2947,11863,5547,6013,1516,1261
1661385600,24-08-2022 20:00,2056,12070,6196,6025,1564,1322
1661389200,24-08-2022 21:00,1938,10535,5877,5998,1549,1389
1661392800,24-08-2022 22:00,2411,7110,4438,6136,1601,1356
1661396400,24-08-2022 23:00,3385,4331,2760,6578,1616,1364
1661400000,25-08-2022 00:00,4180,2748,1719,7166,1797,1414
1661403600,25-08-2022 01:00,5566,1940,1103,8051,1907,1468
1661407200,25-08-2022 02:00,6542,1594,769,7745,2084,1576
1661410800,25-08-2022 03:00,7240,1713,643,6394,2143,1667
1661414400,25-08-2022 04:00,7855,2381,762,4553,1750,1872
1661418000,25-08-2022 05:00,7963,3709,1251,3031,1278,1662
1661421600,25-08-2022 06:00,8286,5473,2086,1983,861,1321
1661425200,25-08-2022 07:00,8446,7145,2936,1331,556,977
1661428800,25-08-2022 08:00,8129,8210,3592,1090,359,712
1661432400,25-08-2022 09:00,8049,8781,4027,1084,305,538
1661436000,25-08-2022 10:00,8268,9305,4761,1434,288,439
1661439600,25-08-2022 11:00,8974,9591,4970,2400,381,363
1661443200,25-08-2022 12:00,9609,9706,5352,3507,582,374
1661446800,25-08-2022 13:00,14557,13705,7011,6532,1317,741
1661450400,25-08-2022 14:00,13270,12615,6517,6734,1608,980
1661454000,25-08-2022 15:00,11497,12182,6323,7051,1755,1274
1661457600,25-08-2022 16:00,12243,12073,6018,7150,1800,1456
1661461200,25-08-2022 17:00,7347,12636,6053,7404,1963,1539
1661464800,25-08-2022 18:00,5294,13642,6268,7483,1955,1634
1661468400,25-08-2022 19:00,3515,15494,7196,7444,1924,1607
1661472000,25-08-2022 20:00,2543,15805,7922,7278,1921,1704
1661475600,25-08-2022 21:00,2587,12896,7332,7354,1961,1756
1661479200,25-08-2022 22:00,3307,9007,5500,7540,1934,1725
1661482800,25-08-2022 23:00,4456,5436,3432,8115,2057,1688
1661486400,26-08-2022 00:00,5456,3358,2086,8685,2126,1758
1661490000,26-08-2022 01:00,6701,2321,1315,9808,2316,1839
1661493600,26-08-2022 02:00,7957,1901,931,9652,2535,1990
1661497200,26-08-2022 03:00,8781,1998,771,7754,2563,2141
1661500800,26-08-2022 04:00,9565,2704,904,5533,1986,2433
1661504400,26-08-2022 05:00,9198,4505,1508,3548,1383,2160
1661508000,26-08-2022 06:00,9694,6605,2516,2285,935,1767
1661511600,26-08-2022 07:00,9647,8737,3561,1617,583,1243
1661515200,26-08-2022 08:00,9306,9650,4253,1286,405,898
1661518800,26-08-2022 09:00,9256,10237,4650,1226,304,683
1661522400,26-08-2022 10:00,9320,10553,4899,1659,313,542
1661526000,26-08-2022 11:00,10280,11120,5266,2852,424,442
1661529600,26-08-2022 12:00,10762,11057,5694,4129,675,425
1661533200,26-08-2022 13:00,11102,10928,5505,5048,955,590
1661536800,26-08-2022 14:00,11041,10964,5622,5718,1323,826
1661540400,26-08-2022 15:00,9825,10786,5483,6126,1486,1107
1661544000,26-08-2022 16:00,8111,10774,5266,6156,1557,1348
1661547600,26-08-2022 17:00,6827,11388,5156,6428,1619,1449
1661551200,26-08-2022 18:00,4781,12467,5437,6564,1621,1537
1661554800,26-08-2022 19:00,3271,13936,6380,6551,1592,1515
1661558400,26-08-2022 20:00,2412,14083,6729,6328,1624,1593
1661562000,26-08-2022 21:00,2308,12435,6545,6439,1659,1635
1661565600,26-08-2022 22:00,2697,8888,4950,6707,1624,1608
1661569200,26-08-2022 23:00,3630,5608,3379,6887,1634,1660
1661572800,27-08-2022 00:00,4564,3528,2099,7755,1778,1656
1661576400,27-08-2022 01:00,5911,2280,1379,8386,1922,1727
1661580000,27-08-2022 02:00,6632,1848,912,8450,2141,1891
1661583600,27-08-2022 03:00,7402,1833,726,7226,2182,2019
1661587200,27-08-2022 04:00,8356,2284,759,5469,1936,2245
1661590800,27-08-2022 05:00,8730,3488,1158,3746,1408,2079
1661594400,27-08-2022 06:00,8938,5331,2005,2501,944,1645
1661598000,27-08-2022 07:00,9531,7267,2975,1695,656,1236
1661601600,27-08-2022 08:00,8995,8580,3681,1245,417,932
1661605200,27-08-2022 09:00,8900,9356,4209,1155,319,681
1661608800,27-08-2022 10:00,10095,9813,4496,1300,293,518
1661612400,27-08-2022 11:00,10212,9990,4744,2077,330,414
1661616000,27-08-2022 12:00,10279,10307,5280,3236,517,414
1661619600,27-08-2022 13:00,10749,10221,5233,4255,821,495
1661623200,27-08-2022 14:00,10760,10278,5182,5011,1098,751
1661626800,27-08-2022 15:00,10443,10412,5196,5464,1291,1003
1661630400,27-08-2022 16:00,8860,10499,5143,5694,1412,1165
1661634000,27-08-2022 17:00,6693,10944,4947,5965,1530,1338
1661637600,27-08-2022 18:00,4900,12272,5199,6197,1591,1389
1661641200,27-08-2022 19:00,3479,13792,5818,6227,1554,1439
1661644800,27-08-2022 20:00,2458,13943,6569,6351,1608,1500
1661648400,27-08-2022 21:00,2143,12254,6457,6497,1668,1611
1661652000,27-08-2022 22:00,2497,8973,5048,6756,1726,1600
1661655600,27-08-2022 23:00,3548,5671,3344,6939,1749,1624
1661659200,28-08-2022 00:00,5168,3482,2225,7417,1814,1717
1661662800,28-08-2022 01:00,5713,2378,1419,8293,1958,1731
1661666400,28-08-2022 02:00,6637,1835,956,8458,2114,1888
1661670000,28-08-2022 03:00,7351,1713,696,7232,2203,1961
1661673600,28-08-2022 04:00,8356,2099,718,5688,1957,2207
1661677200,28-08-2022 05:00,9004,3240,1004,3947,1471,2005
1661680800,28-08-2022 06:00,9418,5107,1842,2584,1035,1725
1661684400,28-08-2022 07:00,9577,7197,2883,1740,694,1298
1661688000,28-08-2022 08:00,9142,8785,3680,1276,518,965
1661691600,28-08-2022 09:00,9059,9777,4342,1069,343,702
1661695200,28-08-2022 10:00,9335,10269,4712,1190,318,526
1661698800,28-08-2022 11:00,10837,10694,4927,1881,324,410
1661702400,28-08-2022 12:00,11310,11052,5464,3058,479,390
1661706000,28-08-2022 13:00,11005,10741,5643,4230,746,480
1661709600,28-08-2022 14:00,10602,10779,5452,5159,1072,697
1661713200,28-08-2022 15:00,9678,10904,5700,5660,1301,978
1661716800,28-08-2022 16:00,7499,11250,5537,5982,1444,1202
1661720400,28-08-2022 17:00,5827,11528,5406,6353,1571,1308
1661724000,28-08-2022 18:00,4050,12551,5654,6657,1651,1404
1661727600,28-08-2022 19:00,3197,13871,6299,6746,1671,1451
1661731200,28-08-2022 20:00,2149,13932,6770,6817,1710,1532
1661734800,28-08-2022 21:00,2012,11353,6528,6979,1779,1592
1661738400,28-08-2022 22:00,2486,7545,4497,7390,1818,1638
1661742000,28-08-2022 23:00,3303,4762,2932,7614,1848,1706
1661745600,29-08-2022 00:00,4253,3013,1805,8150,1941,1726
1661749200,29-08-2022 01:00,5620,2113,1143,9283,2059,1757
1661752800,29-08-2022 02:00,6948,1711,775,9054,2340,1890
1661756400,29-08-2022 03:00,7546,1792,668,7207,2282,2045
1661760000,29-08-2022 04:00,8631,2381,739,5073,1889,2122
1661763600,29-08-2022 05:00,8374,3810,1256,3331,1295,1974
1661767200,29-08-2022 06:00,8710,5626,2008,2072,859,1560
1661770800,29-08-2022 07:00,8825,7399,2912,1467,544,1119
1661774400,29-08-2022 08:00,8628,8584,3596,1098,372,845
1661778000,29-08-2022 09:00,8339,9449,4141,1091,304,619
1661781600,29-08-2022 10:00,8567,9732,4490,1496,288,477
1661785200,29-08-2022 11:00,9576,10391,4764,2548,407,439
1661788800,29-08-2022 12:00,10061,10346,4954,3781,618,406
1661792400,29-08-2022 13:00,10525,10246,5095,4655,925,498
1661796000,29-08-2022 14:00,10379,10085,5087,5459,1193,708
1661799600,29-08-2022 15:00,9029,10012,5072,5777,1327,966
1661803200,29-08-2022 16:00,7291,9873,4917,5786,1370,1160
1661806800,29-08-2022 17:00,5785,10581,4808,6216,1519,1258
1661810400,29-08-2022 18:00,4071,11632,5094,6397,1561,1313
1661814000,29-08-2022 19:00,2824,14338,6192,6318,1566,1398
1661817600,29-08-2022 20:00,2027,13488,6705,6455,1563,1469
1661821200,29-08-2022 21:00,1978,10719,6061,6506,1620,1467
1661824800,29-08-2022 22:00,2543,7220,4629,6516,1636,1516
1661828400,29-08-2022 23:00,3606,4363,2785,7152,1737,1533
1661832000,30-08-2022 00:00,4537,2743,1775,8045,1956,1595
1661835600,30-08-2022 01:00,5682,1882,1145,8715,2076,1654
1661839200,30-08-2022 02:00,6862,1595,772,8331,2247,1814
1661842800,30-08-2022 03:00,7567,1646,680,6680,2213,1884
1661846400,30-08-2022 04:00,8227,2388,775,4618,1867,2003
1661850000,30-08-2022 05:00,8070,3801,1351,3036,1259,1839
1661853600,30-08-2022 06:00,8670,5713,2139,1939,796,1437
1661857200,30-08-2022 07:00,8656,7472,3053,1386,512,1030
1661860800,30-08-2022 08:00,8558,8399,3778,1070,350,783
1661864400,30-08-2022 09:00,8195,9094,4216,1091,285,586
1661868000,30-08-2022 10:00,8237,9418,4483,1526,282,439
1661871600,30-08-2022 11:00,9146,9850,4767,2506,373,385
1661875200,30-08-2022 12:00,9610,9879,4905,3680,606,383
1661878800,30-08-2022 13:00,9767,9868,4969,4700,931,497
1661882400,30-08-2022 14:00,9858,9589,5071,5239,1170,716
1661886000,30-08-2022 15:00,8482,9492,4931,5485,1325,920
1661889600,30-08-2022 16:00,7037,9371,4786,5672,1428,1108
1661893200,30-08-2022 17:00,5373,10137,4759,6215,1480,1219
1661896800,30-08-2022 18:00,4000,10960,4978,6166,1537,1271
1661900400,30-08-2022 19:00,2838,12607,5648,6293,1582,1344
1661904000,30-08-2022 20:00,2006,12702,6462,6166,1641,1395
1661907600,30-08-2022 21:00,2051,11996,6365,6551,1715,1515
1661911200,30-08-2022 22:00,2558,7129,4234,6479,1729,1448
1661914800,30-08-2022 23:00,3621,4428,2789,7083,1785,1490
1661918400,31-08-2022 00:00,4334,2696,1735,7949,1918,1506
1661922000,31-08-2022 01:00,5600,1891,1138,8722,2093,1656
1661925600,31-08-2022 02:00,6673,1617,772,8108,2238,1724
1661929200,31-08-2022 03:00,7279,1733,675,6732,2316,1828
1661932800,31-08-2022 04:00,7992,2484,791,4683,1856,1999
1661936400,31-08-2022 05:00,7854,3991,1345,2948,1277,1822
1661940000,31-08-2022 06:00,8293,5883,2210,1900,819,1377
1661943600,31-08-2022 07:00,8515,7462,3053,1363,503,1032
1661947200,31-08-2022 08:00,8302,8443,3731,1086,343,763
1661950800,31-08-2022 09:00,7910,9064,4094,1082,268,556
1661954400,31-08-2022 10:00,8080,9431,4289,1472,259,423
1661958000,31-08-2022 11:00,8606,9670,4613,2495,381,358
1661961600,31-08-2022 12:00,9405,9697,4869,3603,582,375
1661965200,31-08-2022 13:00,9794,9604,4944,4521,916,498
1661968800,31-08-2022 14:00,9870,9372,4863,5155,1184,710
1661972400,31-08-2022 15:00,8450,9267,4815,5393,1374,911
1661976000,31-08-2022 16:00,6947,9212,4565,5342,1388,1084
1661979600,31-08-2022 17:00,5448,10084,4718,5894,1524,1250
1661983200,31-08-2022 18:00,3949,11077,5058,5921,1508,1275
1661986800,31-08-2022 19:00,2766,12423,6925,6014,1559,1312
1661990400,31-08-2022 20:00,2049,12521,7024,6090,1610,1369
1661994000,31-08-2022 21:00,1959,9799,6485,6065,1602,1418
1661997600,31-08-2022 22:00,2444,6810,4569,6206,1677,1470
1662001200,31-08-2022 23:00,3349,4130,2937,6616,1741,1386
1662004800,1/9/22 0:00,4304,2621,1778,7451,1891,1488
1662008400,1/9/22 1:00,5572,1802,1146,8373,2070,1560
1662012000,1/9/22 2:00,6453,1570,827,8399,2343,1750
1662015600,1/9/22 3:00,7063,1676,703,6540,2216,1865
1662019200,1/9/22 4:00,7880,2416,828,4623,1827,2007
1662022800,1/9/22 5:00,7733,3739,1403,3003,1280,1784
1662026400,1/9/22 6:00,8115,5518,2304,1985,821,1434
1662030000,1/9/22 7:00,8243,7264,3067,1333,512,1049
1662033600,1/9/22 8:00,8012,8122,3788,1118,354,755
1662037200,1/9/22 9:00,7878,8874,4158,1072,272,563
1662040800,1/9/22 10:00,8205,9107,4313,1483,254,463
1662044400,1/9/22 11:00,8628,9486,4656,2502,391,377
1662048000,1/9/22 12:00,10202,9606,4924,3542,636,381
1662051600,1/9/22 13:00,10149,9526,5007,4478,946,524
1662055200,1/9/22 14:00,9853,9370,4991,5087,1170,719
1662058800,1/9/22 15:00,8229,9203,4845,5309,1339,931
1662062400,1/9/22 16:00,7134,9337,4781,5402,1403,1096
1662066000,1/9/22 17:00,5282,9876,4799,5744,1433,1195
1662069600,1/9/22 18:00,3927,10734,4862,5731,1517,1232
1662073200,1/9/22 19:00,3919,17380,8024,8240,2111,1836
1662076800,1/9/22 20:00,2779,16601,8140,7926,2063,1895
1662080400,1/9/22 21:00,2753,13323,7321,7698,2055,1876
1662084000,1/9/22 22:00,3369,8699,5151,7823,2150,1822
1662087600,1/9/22 23:00,4537,5177,3206,8305,2161,1859
1662091200,2/9/22 0:00,6022,3120,1963,9165,2340,1857
1662094800,2/9/22 1:00,7001,2231,1295,10138,2522,2018
1662098400,2/9/22 2:00,8182,1944,924,9849,2753,2131
1662102000,2/9/22 3:00,9064,2154,793,8072,2753,2234
1662105600,2/9/22 4:00,9562,3060,987,5640,2192,2458
1662109200,2/9/22 5:00,9354,4929,1708,3692,1493,2206
1662112800,2/9/22 6:00,9947,7334,2729,2320,980,1715
1662116400,2/9/22 7:00,9621,9339,3629,1615,596,1265
1662120000,2/9/22 8:00,9350,10257,4223,1283,419,936
1662123600,2/9/22 9:00,9207,10802,4659,1292,321,686
1662127200,2/9/22 10:00,9875,10984,4752,1707,332,524
1662130800,2/9/22 11:00,10544,11338,5244,2842,427,443
1662134400,2/9/22 12:00,11087,11298,5460,4123,720,461
1662138000,2/9/22 13:00,11909,11210,5384,5269,1123,593
1662141600,2/9/22 14:00,11836,11009,5579,5771,1371,856
1662145200,2/9/22 15:00,9783,11037,5300,6008,1568,1110
1662148800,2/9/22 16:00,8472,11101,5275,6142,1628,1322
1662152400,2/9/22 17:00,6653,11614,5217,6357,1649,1378
1662156000,2/9/22 18:00,4764,12814,5428,6398,1690,1438
1662159600,2/9/22 19:00,3310,14304,6706,6391,1648,1456
1662163200,2/9/22 20:00,2475,14593,7055,6403,1679,1583
1662166800,2/9/22 21:00,2347,12222,6737,6506,1696,1612
1662170400,2/9/22 22:00,2739,8522,4935,6680,1719,1660
1662174000,2/9/22 23:00,3716,5302,3248,6965,1794,1657
1662177600,3/9/22 0:00,4750,3297,2048,7909,1894,1677
1662181200,3/9/22 1:00,5770,2218,1325,8881,2039,1806
1662184800,3/9/22 2:00,6956,1856,928,8822,2272,1973
1662188400,3/9/22 3:00,7700,1830,757,7674,2294,2124
1662192000,3/9/22 4:00,8410,2345,802,5525,1921,2196
1662195600,3/9/22 5:00,8844,3647,1203,3685,1481,2059
1662199200,3/9/22 6:00,9113,5642,2120,2463,967,1668
1662202800,3/9/22 7:00,9107,7736,3206,1661,621,1267
1662206400,3/9/22 8:00,8935,8997,3833,1260,423,940
1662210000,3/9/22 9:00,9063,9733,4287,1133,321,698
1662213600,3/9/22 10:00,9143,10108,4641,1317,285,534
1662217200,3/9/22 11:00,9670,10458,4847,2134,344,405
1662220800,3/9/22 12:00,10205,10688,5415,3307,506,451
1662224400,3/9/22 13:00,10575,10488,5361,4457,841,500
1662228000,3/9/22 14:00,10426,10344,5364,5290,1122,772
1662231600,3/9/22 15:00,9675,10697,5201,5738,1438,1069
1662235200,3/9/22 16:00,8118,10992,5317,6001,1481,1263
1662238800,3/9/22 17:00,6516,11811,5507,6467,1604,1386
1662242400,3/9/22 18:00,4980,12981,5398,6410,1637,1449
1662246000,3/9/22 19:00,3438,14671,6243,6494,1741,1500
1662249600,3/9/22 20:00,2456,14702,6724,6706,1769,1576
1662253200,3/9/22 21:00,2179,12663,6474,6947,1828,1730
1662256800,3/9/22 22:00,2596,9073,5095,6745,1767,1675
1662260400,3/9/22 23:00,3478,5631,3385,7275,1839,1709
1662264000,4/9/22 0:00,4538,3489,2107,7695,1956,1708
1662267600,4/9/22 1:00,5705,2323,1344,8467,2059,1792
1662271200,4/9/22 2:00,6604,1755,898,8685,2315,1904
1662274800,4/9/22 3:00,7408,1727,703,7639,2287,1999
1662278400,4/9/22 4:00,8378,2140,720,5595,1991,2271
1662282000,4/9/22 5:00,8583,3296,1029,3906,1516,2018
1662285600,4/9/22 6:00,9094,5314,1826,2645,1015,1728
1662289200,4/9/22 7:00,9320,7409,2905,1746,700,1298
1662292800,4/9/22 8:00,9111,9151,3794,1292,459,938
1662296400,4/9/22 9:00,9864,10074,4475,1080,338,735
1662300000,4/9/22 10:00,9416,10502,4804,1206,273,521
1662303600,4/9/22 11:00,10015,10994,5074,1914,288,428
1662307200,4/9/22 12:00,11199,11263,5619,3077,452,386
1662310800,4/9/22 13:00,11420,11084,5691,4334,769,454
1662314400,4/9/22 14:00,10966,10899,5522,5204,1081,674
1662318000,4/9/22 15:00,9545,12582,5932,6131,1382,1015
1662321600,4/9/22 16:00,7552,11698,5638,6180,1452,1215
1662325200,4/9/22 17:00,5718,11962,5439,6419,1602,1362
1662328800,4/9/22 18:00,4563,13437,5755,6654,1720,1467
1662332400,4/9/22 19:00,3066,14293,6925,6858,1803,1487
1662336000,4/9/22 20:00,2128,13783,7248,6977,1809,1608
1662339600,4/9/22 21:00,2069,10821,6303,7117,1886,1617
1662343200,4/9/22 22:00,2682,7109,4518,7290,1982,1677
1662346800,4/9/22 23:00,3760,4259,2701,7648,1962,1673
1662350400,5/9/22 0:00,4425,2654,1658,8481,2132,1765
1662354000,5/9/22 1:00,5769,1911,1094,9106,2203,1809
1662357600,5/9/22 2:00,7311,1616,780,8701,2422,1950
1662361200,5/9/22 3:00,7956,1904,681,7521,2424,2046
1662364800,5/9/22 4:00,8785,2705,826,5541,2039,2191
1662368400,5/9/22 5:00,8722,4196,1393,3837,1542,2019
1662372000,5/9/22 6:00,8945,6283,2214,2523,1026,1668
1662375600,5/9/22 7:00,8907,8090,3024,1714,656,1299
1662379200,5/9/22 8:00,8749,9185,3730,1281,433,952
1662382800,5/9/22 9:00,8578,9652,4172,1178,319,704
1662386400,5/9/22 10:00,8689,9948,4369,1417,272,535
1662390000,5/9/22 11:00,9552,10621,4610,2332,343,439
1662393600,5/9/22 12:00,10166,11157,5004,3732,552,437
1662397200,5/9/22 13:00,10853,10791,5080,4882,890,475
1662400800,5/9/22 14:00,10249,10735,5024,5741,1215,702
1662404400,5/9/22 15:00,8856,10639,5006,6304,1455,1036
1662408000,5/9/22 16:00,7140,10672,4941,6394,1568,1231
1662411600,5/9/22 17:00,5677,11423,4999,6692,1673,1402
1662415200,5/9/22 18:00,3982,12213,5139,7004,1691,1521
1662418800,5/9/22 19:00,2782,13513,5986,7094,1778,1601
1662422400,5/9/22 20:00,2083,12818,6405,7137,1788,1599
1662426000,5/9/22 21:00,2047,10147,5898,7243,1893,1681
1662429600,5/9/22 22:00,2602,6622,4188,7679,2025,1734
1662433200,5/9/22 23:00,3565,3889,2520,7763,2034,1694
1662436800,6/9/22 0:00,4491,2502,1548,8783,2165,1808
1662440400,6/9/22 1:00,5850,1714,1009,9346,2269,1845
1662444000,6/9/22 2:00,6984,1571,736,8546,2458,1937
1662447600,6/9/22 3:00,7662,1905,625,6978,2368,2025
1662451200,6/9/22 4:00,8348,2749,782,4938,1885,2105
1662454800,6/9/22 5:00,8330,4329,1399,3167,1320,1926
1662458400,6/9/22 6:00,8729,6454,2186,2046,855,1496
1662462000,6/9/22 7:00,8690,8269,3013,1481,530,1096
1662465600,6/9/22 8:00,8473,9127,3686,1214,398,824
1662469200,6/9/22 9:00,8311,9616,4127,1177,811,3.7
1662472800,6/9/22 10:00,8581,9990,4304,1576,679,1.8
1662476400,6/9/22 11:00,9103,10317,4571,2590,723,1.17
1662480000,6/9/22 12:00,9988,10734,4851,3743,995,0.767
1662483600,6/9/22 13:00,10466,10552,4913,4725,956,514
1662487200,6/9/22 14:00,10665,10466,4932,5438,1235,725
1662490800,6/9/22 15:00,8997,10537,4906,5696,1406,934
1662494400,6/9/22 16:00,7205,10809,4823,5891,1502,1124
1662498000,6/9/22 17:00,5474,11363,4767,6260,1544,1212
1662501600,6/9/22 18:00,4313,12422,5030,6481,1664,1319
1662505200,6/9/22 19:00,2876,13865,6078,6375,1600,1354
1662508800,6/9/22 20:00,2109,13328,7886,6376,1652,1451
1662512400,6/9/22 21:00,2079,10722,6176,6369,1747,1504
1662516000,6/9/22 22:00,2577,6632,4064,6443,1727,1451
1662519600,6/9/22 23:00,3509,4056,2454,6850,1788,1496
1662523200,7/9/22 0:00,4538,2413,1537,7863,1973,1569
1662526800,7/9/22 1:00,5885,1770,1014,8854,2163,1593
1662530400,7/9/22 2:00,6938,1614,753,8133,2333,1738
1662534000,7/9/22 3:00,7528,1876,626,6904,2263,1926
1662537600,7/9/22 4:00,7920,2709,781,4874,1835,1989
1662541200,7/9/22 5:00,8111,4366,1366,3079,1240,1743
1662544800,7/9/22 6:00,8501,6586,2263,1974,792,1457
1662548400,7/9/22 7:00,8485,8314,3102,1416,491,1037
1662552000,7/9/22 8:00,317,9035,5628,1110,314,6675
1662555600,7/9/22 9:00,21.6,9813,6153,1095,259,6529
1662559200,7/9/22 10:00,6541,10027,4838,1498,263,1732
1662562800,7/9/22 11:00,9398,10373,4620,2404,367,376
1662566400,7/9/22 12:00,9915,10384,4944,3533,603,385
1662570000,7/9/22 13:00,10311,10468,5113,4632,923,518
1662573600,7/9/22 14:00,10197,10353,5009,5271,1207,722
1662577200,7/9/22 15:00,8781,10460,4923,5593,1328,935
1662580800,7/9/22 16:00,7126,10634,4822,5756,1444,1139
1662584400,7/9/22 17:00,5464,11211,4831,5998,1478,1232
1662588000,7/9/22 18:00,3989,12082,4929,6096,1543,1284
1662591600,7/9/22 19:00,2731,13398,6112,6113,1548,1310
1662595200,7/9/22 20:00,2063,12721,6892,6266,1620,1391
1662598800,7/9/22 21:00,1953,9912,5661,6369,1703,1449
1662602400,7/9/22 22:00,2413,6368,3951,6385,1678,1417
1662606000,7/9/22 23:00,3338,3790,2474,6742,1774,1464
1662609600,8/9/22 0:00,4289,2409,1506,7670,1903,1507
1662613200,8/9/22 1:00,5780,1710,995,8367,2122,1554
1662616800,8/9/22 2:00,6774,1580,741,8396,2289,1720
1662620400,8/9/22 3:00,7495,1899,654,6662,2207,1857
1662624000,8/9/22 4:00,8064,2701,809,4706,1828,1926
1662627600,8/9/22 5:00,8053,4309,1384,3072,1269,1807
1662631200,8/9/22 6:00,8414,6451,2240,1955,783,1398
1662634800,8/9/22 7:00,8508,8276,3079,1365,499,1069
1662638400,8/9/22 8:00,8003,137,12625,1102,359,743
1662642000,8/9/22 9:00,7991,22,13713,1062,277,576
1662645600,8/9/22 10:00,8234,18,13986,1522,262,452
1662649200,8/9/22 11:00,8839,10152,4550,2494,373,386
1662652800,8/9/22 12:00,9255,10634,4863,3717,625,392
1662656400,8/9/22 13:00,10384,10856,5099,5131,1025,559
1662660000,8/9/22 14:00,10180,12064,5338,5684,1276,803
1662663600,8/9/22 15:00,8579,11338,5267,6054,1491,1048
1662667200,8/9/22 16:00,7161,11848,5435,6243,1607,1245
1662670800,8/9/22 17:00,7000,12321,5445,6675,1671,1367
1662674400,8/9/22 18:00,6150,25898,11259,13756,3647,2622
1662678000,8/9/22 19:00,3730,19759,9408,9321,2565,2003
1662681600,8/9/22 20:00,3652,24084,12524,11455,2993,2661
1662685200,8/9/22 21:00,2540,13176,7922,7831,2237,1844
1662688800,8/9/22 22:00,4533,11559,7120,11012,2902,2396
1662692400,8/9/22 23:00,5804,6506,4105,10851,2908,2380
1662696000,9/9/22 0:00,7122,3901,2427,11744,3129,2370
1662699600,9/9/22 1:00,8197,2733,1532,13073,3223,2515
1662703200,9/9/22 2:00,9401,2492,1086,11966,3345,2649
1662706800,9/9/22 3:00,10238,2926,996,9898,3316,2784
1662710400,9/9/22 4:00,10985,4397,1305,6786,2599,2793
1662714000,9/9/22 5:00,10498,7111,2423,4268,1738,2507
1662717600,9/9/22 6:00,10884,10491,3899,2714,1082,1959
1662721200,9/9/22 7:00,10528,12822,5098,1813,672,1405
1662724800,9/9/22 8:00,10204,13318,5669,1454,477,1021
1662728400,9/9/22 9:00,10193,13832,6056,1447,338,767
1662732000,9/9/22 10:00,10147,14083,6050,2102,346,576
1662735600,9/9/22 11:00,10973,14037,6673,3547,524,517
1662739200,9/9/22 12:00,11411,13938,6874,5050,879,515
1662742800,9/9/22 13:00,12468,13455,6638,6317,1303,688
1662746400,9/9/22 14:00,12622,13187,6521,6896,1656,1004
1662750000,9/9/22 15:00,10387,13016,6287,7045,1753,1280
1662753600,9/9/22 16:00,8559,13189,6297,7044,1878,1470
1662757200,9/9/22 17:00,7015,13997,6126,7472,1936,1602
1662760800,9/9/22 18:00,5141,15539,6603,7737,1918,1665
1662764400,9/9/22 19:00,3577,16437,7672,7213,1990,1663
1662768000,9/9/22 20:00,2559,16048,8142,7267,1869,1750
1662771600,9/9/22 21:00,2441,13373,7336,7054,1880,1813
1662775200,9/9/22 22:00,2956,9301,5448,7304,1900,1759
1662778800,9/9/22 23:00,4002,6037,3454,7574,1989,1743
1662782400,10/9/22 0:00,4867,3601,2172,8454,2090,1801
1662786000,10/9/22 1:00,6021,2350,1394,9466,2176,1937
1662789600,10/9/22 2:00,6894,1938,925,9381,2425,2011
1662793200,10/9/22 3:00,7730,1974,782,7895,2452,2244
1662796800,10/9/22 4:00,8665,2551,885,6131,2126,2396
1662800400,10/9/22 5:00,8884,3947,1377,3989,1516,2167
1662804000,10/9/22 6:00,9178,6227,2410,2631,1034,1751
1662807600,10/9/22 7:00,9332,8393,3470,1767,671,1305
1662811200,10/9/22 8:00,9147,10029,4224,1313,433,994
1662814800,10/9/22 9:00,9193,11097,4865,1192,349,705
1662818400,10/9/22 10:00,9460,11702,5159,1434,309,584
1662822000,10/9/22 11:00,9906,12063,5584,2235,355,481
1662825600,10/9/22 12:00,10605,11899,5897,3625,544,418
1662829200,10/9/22 13:00,10678,11770,6040,4697,905,550
1662832800,10/9/22 14:00,10697,11858,5780,5702,1211,808
1662836400,10/9/22 15:00,10157,11991,5671,6061,1457,1139
1662840000,10/9/22 16:00,8361,12307,5663,6371,1652,1343
1662843600,10/9/22 17:00,6764,12953,5753,6609,1744,1436
1662847200,10/9/22 18:00,5056,14110,6046,6984,1811,1512
1662850800,10/9/22 19:00,3465,15769,6612,6873,1793,1611
1662854400,10/9/22 20:00,2455,16173,7292,7014,1873,1612
1662858000,10/9/22 21:00,2265,13308,7084,7215,1899,1717
1662861600,10/9/22 22:00,2668,9267,5224,7540,2013,1797
1662865200,10/9/22 23:00,3555,6033,3523,7667,2037,1835
1662868800,11/9/22 0:00,4531,3664,2192,8372,2058,1876
1662872400,11/9/22 1:00,5659,2430,1353,9215,2209,1954
1662876000,11/9/22 2:00,6695,1877,921,9160,2352,2008
1662879600,11/9/22 3:00,7694,1854,744,7965,2346,2143
1662883200,11/9/22 4:00,8819,2360,771,6484,2159,2513
1662886800,11/9/22 5:00,9255,3592,1174,4363,1625,2215
1662890400,11/9/22 6:00,9448,5743,2066,2869,1140,1778
1662894000,11/9/22 7:00,9639,8158,3200,1956,740,1434
1662897600,11/9/22 8:00,9605,10320,4124,1403,504,1027
1662901200,11/9/22 9:00,9523,11207,4832,1185,360,754
1662904800,11/9/22 10:00,9844,12111,5199,1348,301,597
1662908400,11/9/22 11:00,10939,12354,5581,2071,325,450
1662912000,11/9/22 12:00,11600,12412,6072,3324,479,428
1662915600,11/9/22 13:00,11483,12493,6386,4720,840,474
1662919200,11/9/22 14:00,11817,12582,6116,5704,1176,738
1662922800,11/9/22 15:00,10315,12864,6120,6309,1414,1083
1662926400,11/9/22 16:00,8288,13399,6044,6822,1569,1276
1662930000,11/9/22 17:00,6565,13734,6215,7289,1778,1490
1662933600,11/9/22 18:00,5842,14901,6309,7754,1948,1632
1662937200,11/9/22 19:00,3283,16460,7548,7722,2011,1639
1662940800,11/9/22 20:00,2244,15029,7297,7721,1917,1638
1662944400,11/9/22 21:00,2178,12210,6622,8069,2177,1795
1662948000,11/9/22 22:00,2700,7930,4778,7725,2052,1744
1662951600,11/9/22 23:00,3707,4545,2757,8387,2100,1765
1662955200,12/9/22 0:00,4737,2812,1697,9464,2271,1922
1662958800,12/9/22 1:00,5976,1990,1093,9885,2417,1926
1662962400,12/9/22 2:00,7279,1708,766,9074,2596,1959
1662966000,12/9/22 3:00,8071,2038,671,7585,2494,2213
1662969600,12/9/22 4:00,8708,2975,840,5153,2021,2200
1662973200,12/9/22 5:00,8786,4580,1486,3450,1420,1979
1662976800,12/9/22 6:00,9082,7002,2362,2227,944,1603
1662980400,12/9/22 7:00,9020,8798,3381,1531,594,1143
1662984000,12/9/22 8:00,8753,9620,3971,1175,403,825
1662987600,12/9/22 9:00,8768,40.3,14755,1141,298,625
1662991200,12/9/22 10:00,8852,25.3,15276,1980,301,504
1662994800,12/9/22 11:00,9764,19.2,15998,2709,426,409
1662998400,12/9/22 12:00,10544,11232,5133,4059,675,413
1663002000,12/9/22 13:00,11028,11216,5187,5047,1018,547
1663005600,12/9/22 14:00,10693,11398,5402,5989,1338,800
1663009200,12/9/22 15:00,9487,11485,5288,6076,1519,1025
1663012800,12/9/22 16:00,7711,11405,5195,6062,1523,1228
1663016400,12/9/22 17:00,5962,12211,5306,6545,1607,1364
1663020000,12/9/22 18:00,4107,12989,5391,6549,1660,1432
1663023600,12/9/22 19:00,2835,14245,6490,6584,1698,1437
1663027200,12/9/22 20:00,2077,13148,7011,6606,1727,1510
1663030800,12/9/22 21:00,2035,10473,6114,6630,1783,1569
1663034400,12/9/22 22:00,2594,6837,4252,6803,1822,1536
1663038000,12/9/22 23:00,3685,3982,2505,7347,1920,1507
1663041600,13-09-2022 00:00,4547,2523,1489,8074,2034,1560
1663045200,13-09-2022 01:00,6140,1826,1014,9518,2400,1783
1663048800,13-09-2022 02:00,7097,1626,734,9203,2571,1875
1663052400,13-09-2022 03:00,7835,1965,653,7364,2544,2146
1663056000,13-09-2022 04:00,8466,2884,855,4905,2040,2108
1663059600,13-09-2022 05:00,8311,4556,1517,3084,1336,1886
1663063200,13-09-2022 06:00,8974,6890,2392,2021,832,1463
1663066800,13-09-2022 07:00,8896,8558,3399,1421,542,1052
1663070400,13-09-2022 08:00,8636,9494,3978,1105,356,810
1663074000,13-09-2022 09:00,8617,10151,4459,1448,1.72,608
1663077600,13-09-2022 10:00,8535,10447,4598,1912,0.383,483
1663081200,13-09-2022 11:00,9368,10839,4864,3115,0.183,390
1663084800,13-09-2022 12:00,10291,10948,5080,4639,0.783,403
1663088400,13-09-2022 13:00,10673,10819,5153,5907,1.52,509
1663092000,13-09-2022 14:00,10704,10750,5212,6824,1.1,787
1663095600,13-09-2022 15:00,9586,10987,5164,5781,1477,1037
1663099200,13-09-2022 16:00,7690,11370,5216,5908,1532,1205
1663102800,13-09-2022 17:00,5933,12067,5552,6387,1664,1350
1663106400,13-09-2022 18:00,4216,13253,5700,6453,1716,1332
1663110000,13-09-2022 19:00,2871,14354,6647,6443,1687,1428
1663113600,13-09-2022 20:00,2200,13591,7065,6458,1656,1508
1663117200,13-09-2022 21:00,2065,10886,6219,6413,1796,1545
1663120800,13-09-2022 22:00,2642,6809,4185,6471,1826,1492
1663124400,13-09-2022 23:00,3619,4021,2464,7079,1838,1518
1663128000,14-09-2022 00:00,4631,2450,1490,7918,2020,1560
1663131600,14-09-2022 01:00,6072,1737,1002,8716,2227,1656
1663135200,14-09-2022 02:00,7219,1631,718,8540,2357,1770
1663138800,14-09-2022 03:00,7999,1906,656,6655,2339,2016
1663142400,14-09-2022 04:00,8363,2860,857,4584,1921,2091
1663146000,14-09-2022 05:00,8274,4461,1581,3078,1261,1868
1663149600,14-09-2022 06:00,8823,6717,2448,1974,804,1453
1663153200,14-09-2022 07:00,8882,8691,3437,1362,523,1073
1663156800,14-09-2022 08:00,8534,9432,3980,1107,350,791
1663160400,14-09-2022 09:00,8410,9997,4368,1147,291,577
1663164000,14-09-2022 10:00,8390,10284,4497,1561,283,449
1663167600,14-09-2022 11:00,9240,10682,4682,2641,408,382
1663171200,14-09-2022 12:00,10053,10819,5102,3876,631,395
1663174800,14-09-2022 13:00,10288,10839,5164,4779,976,527
1663178400,14-09-2022 14:00,10713,11494,5556,5762,1328,793
1663182000,14-09-2022 15:00,9242,11142,5242,5793,1445,986
1663185600,14-09-2022 16:00,7435,11276,5142,5847,1520,1222
1663189200,14-09-2022 17:00,5713,11770,5171,5987,1535,1279
1663192800,14-09-2022 18:00,4078,12837,5441,6114,1583,1319
1663196400,14-09-2022 19:00,2789,13834,6353,6141,1570,1324
1663200000,14-09-2022 20:00,2131,13455,7227,6205,1577,1426
1663203600,14-09-2022 21:00,2071,10842,6861,6185,1656,1502
1663207200,14-09-2022 22:00,2758,6851,4495,6284,1673,1448
1663210800,14-09-2022 23:00,3501,4012,2589,6704,1727,1473
1663214400,15-09-2022 00:00,4689,2517,1620,7387,1809,1507
1663218000,15-09-2022 01:00,6005,1762,1016,8474,2019,1569
1663221600,15-09-2022 02:00,7002,1622,738,8108,2164,1730
1663225200,15-09-2022 03:00,7670,1924,675,6632,2176,1940
1663228800,15-09-2022 04:00,8132,2761,912,4623,1759,2021
1663232400,15-09-2022 05:00,8097,4409,1637,2977,1226,1842
1663236000,15-09-2022 06:00,8612,6724,2534,1920,801,1459
1663239600,15-09-2022 07:00,8479,8379,3559,1367,507,1072
1663243200,15-09-2022 08:00,8245,9272,4187,1110,355,741
1663246800,15-09-2022 09:00,7975,10039,4460,1111,274,551
1663250400,15-09-2022 10:00,8060,10117,4631,1517,275,462
1663254000,15-09-2022 11:00,8787,10440,4899,2532,388,381
1663257600,15-09-2022 12:00,9603,10615,5209,3694,602,392
1663261200,15-09-2022 13:00,10192,10604,5215,4600,925,519
1663264800,15-09-2022 14:00,10083,10437,5303,5381,1164,732
1663268400,15-09-2022 15:00,8746,10509,5230,5492,1322,997
1663272000,15-09-2022 16:00,7293,10900,5191,5475,1397,1168
1663275600,15-09-2022 17:00,5672,11363,5423,5843,1471,1284
1663279200,15-09-2022 18:00,3974,12437,5464,6037,1514,1309
1663282800,15-09-2022 19:00,4066,19849,9370,8616,2199,1975
1663286400,15-09-2022 20:00,2745,17983,8890,7963,2065,1955
1663290000,15-09-2022 21:00,2653,13909,7346,7971,1970,1960
1663293600,15-09-2022 22:00,3506,8944,5048,8086,2010,1856
1663297200,15-09-2022 23:00,4508,5120,2946,8341,2030,1851
1663300800,16-09-2022 00:00,5772,3068,1789,9920,2292,2060
1663304400,16-09-2022 01:00,7240,2217,1150,10436,2307,2020
1663308000,16-09-2022 02:00,8285,2007,809,9908,2542,2167
1663311600,16-09-2022 03:00,9051,2413,774,7883,2428,2440
1663315200,16-09-2022 04:00,9680,3491,1027,5638,1949,2498
1663318800,16-09-2022 05:00,9593,5621,1887,3620,1493,2202
1663322400,16-09-2022 06:00,9914,8397,2905,2336,1030,1735
1663326000,16-09-2022 07:00,9659,10524,4089,1686,675,1283
1663329600,16-09-2022 08:00,9480,11408,4664,1321,467,900
1663333200,16-09-2022 09:00,9420,11803,4954,1348,354,668
1663336800,16-09-2022 10:00,9316,12156,5042,1792,345,541
1663340400,16-09-2022 11:00,10184,12464,5430,3108,437,474
1663344000,16-09-2022 12:00,10643,12179,5686,4409,699,465
1663347600,16-09-2022 13:00,11611,11965,5656,5626,993,611
1663351200,16-09-2022 14:00,12292,11497,5633,6171,1290,892
1663354800,16-09-2022 15:00,10030,11542,5489,6385,1518,1168
1663358400,16-09-2022 16:00,8385,12031,5455,6357,1739,1418
1663362000,16-09-2022 17:00,11281,12580,5471,6693,1719,1489
1663365600,16-09-2022 18:00,4921,13884,5632,6693,1796,1494
1663369200,16-09-2022 19:00,3304,16133,6964,6698,1891,1556
1663372800,16-09-2022 20:00,2458,15283,7582,6628,1813,1634
1663376400,16-09-2022 21:00,2383,12805,6725,6521,1838,1656
1663380000,16-09-2022 22:00,2780,8434,4865,6754,1896,1632
1663383600,16-09-2022 23:00,3631,5351,3176,6910,1941,1659
1663387200,17-09-2022 00:00,4575,3285,1896,7770,2051,1654
1663390800,17-09-2022 01:00,5773,2203,1184,8729,2234,1796
1663394400,17-09-2022 02:00,6770,1798,841,8391,2364,1908
1663398000,17-09-2022 03:00,7687,1789,700,7220,2376,2115
1663401600,17-09-2022 04:00,8341,2322,806,5509,2103,2227
1663405200,17-09-2022 05:00,8744,3592,1302,3683,1574,2098
1663408800,17-09-2022 06:00,8936,5624,2270,2412,1069,1684
1663412400,17-09-2022 07:00,9180,7740,3302,1736,686,1239
1663416000,17-09-2022 08:00,8969,9358,4102,1289,457,900
1663419600,17-09-2022 09:00,9089,10141,4525,1122,345,711
1663423200,17-09-2022 10:00,9351,10608,4757,1376,309,518
1663426800,17-09-2022 11:00,9527,10972,5090,2170,342,444
1663430400,17-09-2022 12:00,10236,11287,5604,3340,540,431
1663434000,17-09-2022 13:00,10633,11202,5545,4355,873,510
1663437600,17-09-2022 14:00,10814,11415,5529,5296,1203,752
1663441200,17-09-2022 15:00,9694,11525,5389,5645,1390,1087
1663444800,17-09-2022 16:00,8349,12273,5515,6188,1593,1301
1663448400,17-09-2022 17:00,6625,13223,5613,6334,1659,1395
1663452000,17-09-2022 18:00,4994,13810,5739,6363,1780,1442
1663455600,17-09-2022 19:00,3493,15428,6521,6509,1851,1461
1663459200,17-09-2022 20:00,2468,15718,6984,6667,1855,1594
1663462800,17-09-2022 21:00,2297,12974,6685,6695,1889,1651
1663466400,17-09-2022 22:00,2808,8975,5102,6712,1886,1596
1663470000,17-09-2022 23:00,3577,5718,3256,7143,1928,1644
1663473600,18-09-2022 00:00,4585,3484,1995,7810,1978,1725
1663477200,18-09-2022 01:00,5583,2247,1233,8602,2224,1836
1663480800,18-09-2022 02:00,6744,1793,835,8518,2308,1913
1663484400,18-09-2022 03:00,7625,1809,652,7483,2320,2136
1663488000,18-09-2022 04:00,8463,2235,730,5682,2214,2250
1663491600,18-09-2022 05:00,9236,3391,1116,4020,1606,2084
1663495200,18-09-2022 06:00,9570,5369,1987,2663,1096,1731
1663498800,18-09-2022 07:00,9988,7764,3067,1799,727,1305
1663502400,18-09-2022 08:00,9507,9734,4035,1321,524,981
1663506000,18-09-2022 09:00,9544,10870,4689,1131,373,717
1663509600,18-09-2022 10:00,9893,11497,5195,1244,293,536
1663513200,18-09-2022 11:00,10775,11914,5393,1901,322,410
1663516800,18-09-2022 12:00,10988,12445,5928,3215,470,397
1663520400,18-09-2022 13:00,11230,12311,6084,4446,782,492
1663524000,18-09-2022 14:00,11820,12520,5961,5217,1103,670
1663527600,18-09-2022 15:00,10307,12889,5987,5837,1384,1021
1663531200,18-09-2022 16:00,8446,13535,6124,6186,1546,1252
1663534800,18-09-2022 17:00,6600,13982,6233,6663,1707,1416
1663538400,18-09-2022 18:00,4646,14861,6181,6895,1867,1480
1663542000,18-09-2022 19:00,3200,15705,7459,7162,1933,1581
1663545600,18-09-2022 20:00,2281,14662,7187,6922,1880,1561
1663549200,18-09-2022 21:00,2135,11678,6448,7011,1962,1694
1663552800,18-09-2022 22:00,2611,7626,4316,7464,2059,1707
1663556400,18-09-2022 23:00,3643,4646,2529,7562,2046,1733
1663560000,19-09-2022 00:00,4762,2744,1466,8225,2144,1726
1663563600,19-09-2022 01:00,6501,1985,932,9124,2376,1848
1663567200,19-09-2022 02:00,7807,1752,667,8639,2558,2014
1663570800,19-09-2022 03:00,8457,2063,610,7228,2549,2293
1663574400,19-09-2022 04:00,8917,2918,795,5148,2004,2197
1663578000,19-09-2022 05:00,9155,4510,1493,3395,1446,1989
1663581600,19-09-2022 06:00,9596,6977,2364,2146,925,1617
1663585200,19-09-2022 07:00,9732,8900,3433,1505,583,1152
1663588800,19-09-2022 08:00,9470,10157,4066,1201,391,883
1663592400,19-09-2022 09:00,9547,11180,4531,1164,307,699
1663596000,19-09-2022 10:00,9712,11658,4724,1607,309,506
1663599600,19-09-2022 11:00,11383,12862,5407,2786,432,443
1663603200,19-09-2022 12:00,11788,14809,5682,4357,692,522
1663606800,19-09-2022 13:00,12044,13595,5634,5314,1069,590
1663610400,19-09-2022 14:00,11764,12780,5568,6066,1318,791
1663614000,19-09-2022 15:00,10291,13973,5556,6517,1599,1081
1663617600,19-09-2022 16:00,8062,13625,5683,6622,1710,1333
1663621200,19-09-2022 17:00,6170,13391,5622,6739,1672,1390
1663624800,19-09-2022 18:00,4323,14184,5813,6779,1741,1475
1663628400,19-09-2022 19:00,2911,15350,6964,6724,1774,1502
1663632000,19-09-2022 20:00,2110,14815,7226,6816,1792,1615
1663635600,19-09-2022 21:00,2015,11305,6361,6879,1885,1663
1663639200,19-09-2022 22:00,2638,7212,4231,7042,1909,1610
1663642800,19-09-2022 23:00,3472,4211,2390,7533,2015,1634
1663646400,20-09-2022 00:00,4810,2566,1416,8564,2213,1703
1663650000,20-09-2022 01:00,6143,1839,890,9586,2452,1806
1663653600,20-09-2022 02:00,7225,1643,668,9158,2730,2040
1663657200,20-09-2022 03:00,7970,1985,627,6951,2455,2119
1663660800,20-09-2022 04:00,8612,2916,821,4847,1894,2180
1663664400,20-09-2022 05:00,8545,4524,1549,3075,1299,1955
1663668000,20-09-2022 06:00,8975,6971,2413,1971,798,1530
1663671600,20-09-2022 07:00,8945,8724,3475,1401,498,1080
1663675200,20-09-2022 08:00,8545,9501,3963,1138,357,794
1663678800,20-09-2022 09:00,8388,10149,4344,1142,271,589
1663682400,20-09-2022 10:00,8424,10499,4512,1568,289,468
1663686000,20-09-2022 11:00,9627,11098,5414,2599,396,389
1663689600,20-09-2022 12:00,10563,11207,4939,3837,620,410
1663693200,20-09-2022 13:00,11010,11042,5248,4808,979,529
1663696800,20-09-2022 14:00,11094,11093,5345,5767,1282,776
1663700400,20-09-2022 15:00,9179,11109,5283,5796,1533,1001
1663704000,20-09-2022 16:00,7584,11399,5130,5895,1566,1252
1663707600,20-09-2022 17:00,5799,12158,5359,6270,1608,1312
1663711200,20-09-2022 18:00,4109,13040,5578,6392,1612,1363
1663714800,20-09-2022 19:00,2832,13820,7039,6320,1676,1392
1663718400,20-09-2022 20:00,2023,13286,7453,6381,1687,1514
1663722000,20-09-2022 21:00,1965,10294,6017,6350,1771,1512
1663725600,20-09-2022 22:00,2516,6770,3944,6406,1843,1538
1663729200,20-09-2022 23:00,3480,3996,2298,6979,1935,1556
1663732800,21-09-2022 00:00,4525,2487,1342,7995,1997,1558
1663736400,21-09-2022 01:00,5967,1786,855,8680,2245,1655
1663740000,21-09-2022 02:00,6857,1646,656,8274,2420,1808
1663743600,21-09-2022 03:00,7738,1957,634,7012,2399,2027
1663747200,21-09-2022 04:00,8250,2960,816,4762,1948,2096
1663750800,21-09-2022 05:00,8251,4521,1520,3010,1302,1923
1663754400,21-09-2022 06:00,8847,6799,2430,1994,788,1475
1663758000,21-09-2022 07:00,8786,9128,3414,1412,479,1055
1663761600,21-09-2022 08:00,8634,9930,4039,1110,348,763
1663765200,21-09-2022 09:00,8580,10355,4756,1155,273,686
1663768800,21-09-2022 10:00,8492,10627,4784,1588,267,478
1663772400,21-09-2022 11:00,9219,10874,5193,2606,382,380
1663776000,21-09-2022 12:00,10179,10929,5346,3765,639,416
1663779600,21-09-2022 13:00,10410,10771,5503,4720,988,505
1663783200,21-09-2022 14:00,10743,10657,5677,5457,1266,723
1663786800,21-09-2022 15:00,9082,10740,5566,5679,1459,983
1663790400,21-09-2022 16:00,7479,11021,5370,5837,1546,1209
1663794000,21-09-2022 17:00,5765,11497,5559,6152,1595,1303
1663797600,21-09-2022 18:00,4104,12251,5747,6184,1594,1321
1663801200,21-09-2022 19:00,2716,13317,6784,6178,1613,1401
1663804800,21-09-2022 20:00,1969,12771,7225,6264,1668,1443
1663808400,21-09-2022 21:00,1919,9600,6448,6355,1714,1495
1663812000,21-09-2022 22:00,2594,6379,4257,6383,1784,1502
1663815600,21-09-2022 23:00,3408,3894,2320,6882,1873,1472
1663819200,22-09-2022 00:00,4431,2430,1364,7750,2007,1526
1663822800,22-09-2022 01:00,5920,1741,873,8812,2267,1658
1663826400,22-09-2022 02:00,6853,1638,643,8268,2390,1793
1663830000,22-09-2022 03:00,7483,1910,623,6821,2413,1984
1663833600,22-09-2022 04:00,8117,2767,859,4769,1895,2087
1663837200,22-09-2022 05:00,8101,4350,1577,3102,1286,1903
1663840800,22-09-2022 06:00,8436,6438,2461,2020,838,1475
1663844400,22-09-2022 07:00,8485,8314,3511,1416,636,1077
1663848000,22-09-2022 08:00,8121,9212,4113,1133,379,795
1663851600,22-09-2022 09:00,8103,9864,4446,1111,290,599
1663855200,22-09-2022 10:00,8028,10063,4575,1571,285,447
1663858800,22-09-2022 11:00,8640,10396,4800,2652,400,383
1663862400,22-09-2022 12:00,9369,10617,4945,3884,638,387
1663866000,22-09-2022 13:00,9706,10174,5135,4826,967,587
1663869600,22-09-2022 14:00,9939,9873,5282,5532,1246,776
1663873200,22-09-2022 15:00,8730,9973,5145,5805,1418,1005
1663876800,22-09-2022 16:00,7320,10288,5086,5858,1504,1203
1663880400,22-09-2022 17:00,5647,10770,5476,6253,1559,1283
1663884000,22-09-2022 18:00,4101,11660,5386,6309,1603,1348
1663887600,22-09-2022 19:00,3955,18553,8747,8804,2265,2004
1663891200,22-09-2022 20:00,2813,17573,8855,8428,2212,2005
1663894800,22-09-2022 21:00,2703,13889,7462,8200,2220,1970
1663898400,22-09-2022 22:00,3381,9133,4831,8410,2261,1868
1663902000,22-09-2022 23:00,4689,5323,2782,8915,2334,1967
1663905600,23-09-2022 00:00,6367,3156,1689,10406,2591,2082
1663909200,23-09-2022 01:00,7807,2303,1034,11245,2794,2163
1663912800,23-09-2022 02:00,8793,2044,778,10751,3089,2312
1663916400,23-09-2022 03:00,9575,2472,722,8430,2887,2566
1663920000,23-09-2022 04:00,10126,3531,992,5832,2333,2638
1663923600,23-09-2022 05:00,10101,5676,1834,3777,1564,2436
1663927200,23-09-2022 06:00,10350,8528,2899,2386,986,1906
1663930800,23-09-2022 07:00,10506,10798,4071,1669,616,1307
1663934400,23-09-2022 08:00,10058,11566,4714,1366,420,972
1663938000,23-09-2022 09:00,9965,11991,5003,1384,326,710
1663941600,23-09-2022 10:00,10595,11966,5079,1885,311,573
1663945200,23-09-2022 11:00,12030,12444,5534,3150,467,475
1663948800,23-09-2022 12:00,11597,12238,5654,4632,755,484
1663952400,23-09-2022 13:00,11868,11348,5557,5642,1171,614
1663956000,23-09-2022 14:00,11737,11117,5634,6200,1446,906
1663959600,23-09-2022 15:00,10188,11082,5460,6299,1627,1171
1663963200,23-09-2022 16:00,8491,11544,5335,6483,1693,1442
1663966800,23-09-2022 17:00,6440,12070,5614,6652,1740,1503
1663970400,23-09-2022 18:00,4980,13875,5826,6937,1813,1582
1663974000,23-09-2022 19:00,3442,15704,7146,6988,1812,1605
1663977600,23-09-2022 20:00,2496,14745,7308,6789,1787,1641
1663981200,23-09-2022 21:00,2347,13246,6782,6831,1808,1744
1663984800,23-09-2022 22:00,2746,9000,5051,6848,1902,1715
1663988400,23-09-2022 23:00,3806,5602,3006,7190,1886,1749
1663992000,24-09-2022 00:00,4927,3622,2043,8389,1971,1830
1663995600,24-09-2022 01:00,6361,2419,1173,9239,2236,1972
1663999200,24-09-2022 02:00,7264,1963,861,8991,2415,2069
1664002800,24-09-2022 03:00,8084,1964,688,7710,2420,2403
1664006400,24-09-2022 04:00,9211,2548,840,5833,2106,2441
1664010000,24-09-2022 05:00,9456,3848,1273,3931,1593,2331
1664013600,24-09-2022 06:00,9777,5896,2245,2597,1065,1880
1664017200,24-09-2022 07:00,10172,8084,3363,1764,686,1429
1664020800,24-09-2022 08:00,9501,9642,4221,1324,454,1001
1664024400,24-09-2022 09:00,9557,10322,4673,1231,329,771
1664028000,24-09-2022 10:00,9717,10974,4959,1409,288,580
1664031600,24-09-2022 11:00,10356,11097,5283,2269,348,470
1664035200,24-09-2022 12:00,10696,11620,5793,3535,538,444
1664038800,24-09-2022 13:00,11245,11576,5882,4623,886,543
1664042400,24-09-2022 14:00,10928,11577,5795,5437,1255,807
1664046000,24-09-2022 15:00,10310,11362,5732,5834,1413,1135
1664049600,24-09-2022 16:00,8399,11829,5666,6300,1559,1365
1664053200,24-09-2022 17:00,6759,12469,5894,6398,1692,1465
1664056800,24-09-2022 18:00,5134,14625,6028,6727,1779,1579
1664060400,24-09-2022 19:00,3554,15620,6853,6763,1803,1649
1664064000,24-09-2022 20:00,2484,16069,7136,6851,1861,1695
1664067600,24-09-2022 21:00,2214,13522,6852,6944,1859,1705
1664071200,24-09-2022 22:00,2638,9872,5343,7112,1928,1763
1664074800,24-09-2022 23:00,3436,6175,3276,7369,2032,1839
1664078400,25-09-2022 00:00,4563,3730,1961,8293,2013,1898
1664082000,25-09-2022 01:00,5470,2481,1244,9229,2268,1919
1664085600,25-09-2022 02:00,6479,1903,851,9510,2414,2040
1664089200,25-09-2022 03:00,7486,1798,691,7819,2445,2294
1664092800,25-09-2022 04:00,8473,2246,707,6010,2098,2380
1664096400,25-09-2022 05:00,8784,3458,1123,4128,1632,2287
1664100000,25-09-2022 06:00,9233,5625,1940,2772,1113,1923
1664103600,25-09-2022 07:00,9542,8068,3220,1871,719,1423
1664107200,25-09-2022 08:00,9709,10346,4291,1412,476,1112
1664110800,25-09-2022 09:00,9866,11411,5000,1189,364,776
1664114400,25-09-2022 10:00,10137,11896,5394,1311,283,567
1664118000,25-09-2022 11:00,11136,12484,5687,1889,322,437
1664121600,25-09-2022 12:00,11487,12782,6139,3227,476,412
1664125200,25-09-2022 13:00,11979,12199,6216,4560,795,497
1664128800,25-09-2022 14:00,11280,12466,6252,5524,1166,720
1664132400,25-09-2022 15:00,10512,12909,6250,6188,1363,1089
1664136000,25-09-2022 16:00,8231,13110,6330,6513,1533,1334
1664139600,25-09-2022 17:00,6055,14097,6584,7178,1752,1517
1664143200,25-09-2022 18:00,4478,15046,6856,7494,1846,1579
1664146800,25-09-2022 19:00,3139,16195,8331,7614,1924,1596
1664150400,25-09-2022 20:00,2202,15412,8010,7473,1920,1669
1664154000,25-09-2022 21:00,2128,12710,6853,8037,2060,1917
1664157600,25-09-2022 22:00,2729,8117,4698,8107,2070,1876
1664161200,25-09-2022 23:00,3551,4815,2742,8633,2101,1829
1664164800,26-09-2022 00:00,4437,2956,1588,9488,2298,2076
1664168400,26-09-2022 01:00,6072,2063,1029,10354,2467,2065
1664172000,26-09-2022 02:00,7185,1751,703,9195,2645,2102
1664175600,26-09-2022 03:00,8036,2188,621,7637,2436,2381
1664179200,26-09-2022 04:00,8581,3017,857,5285,2045,2392
1664182800,26-09-2022 05:00,8632,4706,1559,3500,1412,2121
1664186400,26-09-2022 06:00,8936,7062,2512,2381,938,1731
1664190000,26-09-2022 07:00,8965,9194,3585,1553,579,1213
1664193600,26-09-2022 08:00,9011,10333,4444,1245,398,883
1664197200,26-09-2022 09:00,8648,11087,4801,1294,296,710
1664200800,26-09-2022 10:00,8770,11446,4959,1606,288,483
1664204400,26-09-2022 11:00,9575,11975,5380,2757,400,404
1664208000,26-09-2022 12:00,10478,12258,5509,4219,615,427
1664211600,26-09-2022 13:00,11053,11683,5471,5205,1026,537
1664215200,26-09-2022 14:00,10874,11509,5727,6079,1291,801
1664218800,26-09-2022 15:00,9490,11650,5606,6394,1514,1077
1664222400,26-09-2022 16:00,7542,12092,5601,6477,1594,1321
1664226000,26-09-2022 17:00,5929,12694,5866,6827,1665,1433
1664229600,26-09-2022 18:00,4143,13850,6243,7113,1698,1535
1664233200,26-09-2022 19:00,2848,14768,7600,6889,1768,1505
1664236800,26-09-2022 20:00,2028,13351,7739,6957,1768,1610
1664240400,26-09-2022 21:00,2017,11307,6607,6840,1822,1683
1664244000,26-09-2022 22:00,2592,7277,4070,6983,1829,1628
1664247600,26-09-2022 23:00,3571,4362,2457,7630,1910,1646
1664251200,27-09-2022 00:00,4567,2709,1401,8742,2101,1726
1664254800,27-09-2022 01:00,6098,1914,895,9557,2363,1793
1664258400,27-09-2022 02:00,6954,1747,673,8753,2472,1841
1664262000,27-09-2022 03:00,7974,2025,606,7167,2486,2219
1664265600,27-09-2022 04:00,8502,2949,845,4964,1920,2245
1664269200,27-09-2022 05:00,8382,4691,1534,3088,1295,1937
1664272800,27-09-2022 06:00,9054,7176,2434,2043,795,1568
1664276400,27-09-2022 07:00,8951,9117,3509,1469,508,1103
1664280000,27-09-2022 08:00,8704,9973,4127,1193,351,802
1664283600,27-09-2022 09:00,8515,10623,4551,1158,282,580
1664287200,27-09-2022 10:00,8708,10950,4567,1653,276,475
1664290800,27-09-2022 11:00,9346,11374,4874,2703,409,392
1664294400,27-09-2022 12:00,10558,11385,5120,3954,645,404
1664298000,27-09-2022 13:00,10784,11050,5201,4950,984,534
1664301600,27-09-2022 14:00,10909,11379,5382,5699,1218,745
1664305200,27-09-2022 15:00,9354,11256,5260,5836,1417,971
1664308800,27-09-2022 16:00,7511,11621,5269,6053,1472,1254
1664312400,27-09-2022 17:00,5747,12193,5430,6346,1601,1322
1664316000,27-09-2022 18:00,4075,13755,5791,6434,1595,1419
1664319600,27-09-2022 19:00,2852,14136,6825,6403,1669,1450
1664323200,27-09-2022 20:00,2054,13352,7367,6619,1655,1535
1664326800,27-09-2022 21:00,1968,11361,6186,6441,1735,1602
1664330400,27-09-2022 22:00,2596,7334,3972,6661,1800,1577
1664334000,27-09-2022 23:00,3472,4345,2295,7317,1846,1531
1664337600,28-09-2022 00:00,4654,2673,1360,8287,2025,1592
1664341200,28-09-2022 01:00,6032,1917,904,9112,2289,1673
1664344800,28-09-2022 02:00,7025,1670,643,8724,2503,1810
1664348400,28-09-2022 03:00,7785,2136,607,7149,2389,2071
1664352000,28-09-2022 04:00,8207,2946,827,4887,1897,2223
1664355600,28-09-2022 05:00,8247,4642,1498,3118,1283,1936
1664359200,28-09-2022 06:00,8585,6832,2375,2022,794,1509
1664362800,28-09-2022 07:00,8761,8705,3380,1387,518,1087
1664366400,28-09-2022 08:00,8508,9618,4094,1107,331,758
1664370000,28-09-2022 09:00,8379,10153,4463,1126,280,591
1664373600,28-09-2022 10:00,8680,10602,4581,1601,275,424
1664377200,28-09-2022 11:00,9058,10746,4858,2671,392,375
1664380800,28-09-2022 12:00,10420,11062,5124,3905,633,409
1664384400,28-09-2022 13:00,10477,10609,5193,4870,993,531
1664388000,28-09-2022 14:00,10135,10563,5372,5601,1259,777
1664391600,28-09-2022 15:00,8925,10619,5312,5824,1417,1014
1664395200,28-09-2022 16:00,7141,11063,5207,6013,1506,1201
1664398800,28-09-2022 17:00,5649,11695,5326,6168,1575,1345
1664402400,28-09-2022 18:00,3894,12516,5632,6496,1594,1398
1664406000,28-09-2022 19:00,2708,13769,7473,6378,1632,1440
1664409600,28-09-2022 20:00,2007,13062,7690,6401,1671,1499
1664413200,28-09-2022 21:00,1985,10662,6661,6456,1764,1592
1664416800,28-09-2022 22:00,2613,7179,4382,6794,1823,1540
1664420400,28-09-2022 23:00,3532,4248,2536,7266,1897,1597
1664424000,29-09-2022 00:00,4465,2594,1443,8111,1976,1640
1664427600,29-09-2022 01:00,5995,1815,906,9108,2248,1725
1664431200,29-09-2022 02:00,6877,1669,662,8827,2572,1992
1664434800,29-09-2022 03:00,7584,1951,643,7032,2465,2208
1664438400,29-09-2022 04:00,8019,2796,910,4916,1913,2161
1664442000,29-09-2022 05:00,8094,4500,1652,3136,1289,2005
1664445600,29-09-2022 06:00,8428,6873,2601,2059,826,1605
1664449200,29-09-2022 07:00,8366,8695,3730,1473,512,1095
1664452800,29-09-2022 08:00,8023,9625,4334,1170,361,810
1664456400,29-09-2022 09:00,8082,10143,4680,1184,276,602
1664460000,29-09-2022 10:00,8218,10214,4566,1673,263,460
1664463600,29-09-2022 11:00,8720,10701,4876,2734,409,399
1664467200,29-09-2022 12:00,9575,10803,5076,3985,655,413
1664470800,29-09-2022 13:00,9821,10420,5107,4935,1028,575
1664474400,29-09-2022 14:00,9903,10224,5545,5662,1304,806
1664478000,29-09-2022 15:00,8752,10492,5489,5945,1468,1077
1664481600,29-09-2022 16:00,7159,10971,5467,6015,1500,1323
1664485200,29-09-2022 17:00,5568,11860,5704,6254,1582,1413
1664488800,29-09-2022 18:00,3999,12870,5856,6551,1616,1507
1664492400,29-09-2022 19:00,3801,19592,9186,8700,2243,2061
1664496000,29-09-2022 20:00,2761,18562,9491,8369,2123,2101
1664499600,29-09-2022 21:00,2790,14320,7760,8257,2178,2098
1664503200,29-09-2022 22:00,3657,9599,5106,8303,2255,2060
1664506800,29-09-2022 23:00,4825,5588,2954,8921,2347,2093
1664510400,30-09-2022 00:00,6200,3371,1709,10342,2481,2169
1664514000,30-09-2022 01:00,7347,2295,1083,11108,2762,2203
1664517600,30-09-2022 02:00,8080,2073,821,11897,3255,2530
1664521200,30-09-2022 03:00,9110,2382,737,9493,3016,2915
1664524800,30-09-2022 04:00,9559,3429,1038,5970,2256,2769
1664528400,30-09-2022 05:00,9377,5519,1884,3938,1521,2466
1664532000,30-09-2022 06:00,9666,8258,2879,2503,942,1968
1664535600,30-09-2022 07:00,9560,10416,4147,1691,637,1404
1664539200,30-09-2022 08:00,10070,11397,4684,1372,415,1013
1664542800,30-09-2022 09:00,9594,11863,5062,1370,325,734
1664546400,30-09-2022 10:00,9792,12079,5142,1828,314,565
1664550000,30-09-2022 11:00,10521,12165,5515,3139,464,465
1664553600,30-09-2022 12:00,10969,12170,5670,4582,758,481
1664557200,30-09-2022 13:00,11925,13021,5788,5625,1107,628
1664560800,30-09-2022 14:00,11321,11567,5783,6296,1432,923
1664564400,30-09-2022 15:00,9873,11491,5522,6485,1532,1178
1664568000,30-09-2022 16:00,8465,12181,5495,6655,1687,1504
1664571600,30-09-2022 17:00,6572,12787,5559,6861,1704,1638